,AHR,AR,ARNT,ATF1,ATF2,ATF3,ATF4,ATF6,BACH1,BCL6,BMAL1,CDX2,CEBPA,CEBPB,CEBPD,CEBPE,CLOCK,CREB1,CREM,CTCF,E2F1,E2F2,E2F3,E2F4,E2F6,EGR1,ELK1,EPAS1,ERG,ESR1,ESR2,ESRRA,ETS1,ETS2,ETV4,FLI1,FOS,FOSL1,FOSL2,FOXA1,FOXA2,FOXL2,FOXM1,FOXO1,FOXO3,FOXO4,FOXP1,GATA1,GATA2,GATA3,GATA4,GLI1,GLI2,HIC1,HIF1A,HNF1A,HNF4A,HNF4G,HSF1,IRF1,IRF2,IRF3,IRF4,IRF8,IRF9,JUN,JUNB,JUND,KLF4,KLF5,KLF6,KMT2A,LEF1,MAF,MAX,MAZ,MEF2A,MEF2C,MITF,MXI1,MYB,MYC,MYCN,NANOG,NFATC1,NFATC2,NFE2L2,NFIC,NFKB1,NFKB2,NFYA,NFYB,NR1H2,NR1H3,NR1H4,NR2C2,NR2F1,NR2F2,NR3C1,NR4A1,NR5A1,NRF1,PAX5,PAX6,PAX8,PGR,POU2F1,POU2F2,POU5F1,PPARA,PPARG,PRDM14,RARA,RBPJ,REL,RELA,RELB,REST,RFX1,RFX5,RUNX1,RUNX2,RUNX3,RXRA,SMAD1,SMAD3,SMAD4,SNAI1,SOX10,SOX2,SOX9,SP1,SP3,SP4,SPI1,SPIB,SREBF1,SREBF2,SRF,STAT1,STAT2,STAT3,STAT4,STAT5A,STAT5B,STAT6,TAL1,TBP,TBX21,TCF3,TCF4,TCF7,TCF7L2,TEAD1,TFAP2A,TFAP2C,TFDP1,THAP11,TP53,TP63,TP73,TWIST1,USF1,USF2,VDR,WT1,YBX1,YY1,ZBTB33,ZEB1,ZNF263
C3L-00104,-1.2840852298919383,6.451979272769686,-1.964273435556632,1.2413833397721525,-0.6483543644058374,0.6467062592951958,2.516475526253574,5.87813370278515,4.1683917454090045,0.13874111480044557,-1.495816357076773,-3.980008604541944,4.99469132690457,-2.4265228776605947,3.0206950268188524,1.9600320460924643,2.1174117185061667,-2.1002370449867755,0.11585270530249776,4.414407352912625,9.917001722268273,-1.328938756593713,0.03283212052638072,17.708238160367724,-2.6573165954760536,9.629817053549802,3.8140818689219054,-0.7481019947684303,-0.4231185115026851,1.0007081376662827,1.8168353607346819,-0.7829827426017273,6.288333187153656,-1.7736781997831979,-1.703309237978547,-1.5686259185805667,-0.12752010106937783,1.2596188306505296,-0.030812489729082713,3.1605459697938567,-0.8993152957368981,0.5648877688385125,-0.07718454229561578,-0.5180228677551618,3.977093504080259,0.8416769554418942,3.2000314496052567,-1.8047301834731102,2.3977436938195353,1.732870450615388,-1.3656992924406899,0.8622076623165585,-3.5238822599687207,-0.9284469835165731,7.294357659551522,-3.357219704374292,0.5180801963938423,-0.23169806884029884,2.2624826516342744,-0.5525304304979882,0.011896326736408586,-0.7960836359150147,-0.43861808866407903,1.8919085607357211,0.7191957441099491,1.6290360948766383,0.8717172305299367,-1.8425025241828004,0.6780897297234136,-1.787513983907846,-1.9791788018153282,-0.20807003031177687,1.536087147093486,-2.0063634816644225,-0.16708528318338384,1.425994369017059,-1.1158063228610928,-0.03513375203581392,4.289348090615913,-0.20642419051154828,-2.975098065254058,16.31428350673628,2.676019608945274,0.9412738720971804,-1.2931284243200198,-2.4077750476015622,0.03268924311593836,0.3295671099019545,0.15172828164953572,1.121411889467495,2.658667580539316,1.3637504585340463,-2.155012273681641,2.3809915009000493,-1.8469971721588752,3.946789440303974,0.3308623366314935,-1.147416223938972,-0.8870304868336513,-0.7091540558303858,-1.1705318330620698,3.019770011449151,-1.570552023126965,-2.2410479020906258,-0.4309230410797995,-1.2485411701205456,1.100840727187829,1.2098134521022608,1.1093711151551018,-0.7867770419597029,1.4794855094023063,-0.83845430794858,0.4265467050382992,-0.4713091286346468,0.7165197554893176,0.017593838778338394,-0.9969039477318306,1.7900230573719613,1.1752505137044045,6.673221956758865,-1.4067920190054688,1.6949814593269086,0.5685497136191924,-0.1801476454637549,1.4477167568494067,1.3223982982906777,0.6767337681514765,1.289386566504935,2.6189685750645046,3.612404807253283,-1.2851176322922595,2.9521833636493415,-0.03889732898704211,1.127741022051402,3.5070645636799336,-0.8211960073725605,3.6003490408057024,-1.5447177024969823,2.37844381140399,9.321559820658077,3.760034905458785,3.6051375770218788,-0.7298566836699079,-1.0638147946834644,-0.6043552790798439,-0.18197712591587778,-0.7727207644078958,0.14901440884456912,-1.6034714277326578,1.0465253718261167,2.3127347585398565,0.31134686227426167,-0.9820219580644501,0.6735368203126539,2.425896988160137,-2.112667323639678,-0.013582213777896623,2.861269705525944,5.7675734484711905,-2.7730791051104333,-2.489645499440902,1.4369733357817442,2.124276808905138,-0.16071636858516694,3.7259766941823687,-0.31847834126427765,-0.7731489980315707,0.8793162162051915,4.054101032452409,2.4277194176282864,1.8940714407556312
C3L-00365,-0.7766080769448421,6.251294686017312,-1.5172482825348133,0.5202280440636436,-0.4949023192152871,1.0051165335377545,3.7890352912644913,6.141710212934849,4.079875443044644,-0.13902575227173875,-1.16229589946613,-3.762865842633188,5.009109798210404,-2.9062976080923186,2.6154580251596147,0.4859921540100543,2.3807331546774235,-2.160438928148435,0.2906239532884315,3.3550108301251558,11.446038180881136,-1.6986531017529751,-0.45078973189862437,18.14563413707773,-2.744027089193832,9.421596100198553,3.6816163689630583,0.1597703258195014,-0.2155711444657479,1.1695968783965394,1.905366231820768,-0.5529029392535325,6.752353993308073,-1.446650454960995,-1.8784214366327616,-2.5531402626262274,0.7931487467969759,1.226515833220714,0.7799386087946019,2.7262236610601747,-1.083111164304264,0.4522746074391715,0.6293239234478962,-1.5377796224542015,4.3846830023585035,1.3749277262701685,2.7538282954688458,-1.475331816573938,1.7211843829076754,2.126190896456047,-1.2885323024692465,0.6013144026437891,-4.303409357933296,-1.2519811412241948,8.488386257339677,-3.248527307951474,0.21317188634283846,-0.16496115158792118,3.2583854109450003,0.21275629654453093,0.2862701480414775,-0.3896681627026818,-0.30406522103260647,1.4358878741456347,1.2472714931700395,1.6760498921476124,1.1570149472424007,-2.0917837637458643,0.9562300667899394,-1.5590670003974336,-0.6378848619116998,-0.47138644699452675,1.5664468189024334,-1.8277434401892545,0.05413823436924983,1.2382287026296208,-0.7810742144593957,-0.14515923707646575,4.043306225523337,-0.22713471918482814,-2.8997348129264124,16.293822436693826,3.084356434781167,0.9920398244331936,-0.9517204308141483,-2.7889686302375662,0.1064116024023502,0.14948325214319858,0.5429114526600753,2.062585999521517,2.8701615838766235,1.4928876967321447,-2.4457839064979283,2.324187737446776,-1.7576984212653943,3.842270793334709,0.4076305503726358,-1.6166613288570972,-0.43897747491155154,-0.3162539422648474,-1.452533636185409,3.236130006221368,-1.975521367879653,-2.173080586609477,-0.048814389288022134,-1.6195969604047558,0.7724488886756369,1.488031902334256,1.197739782071207,-0.3953161082893093,1.3573289751995934,-1.7186090209297469,0.026353600219851944,0.2191087629802217,0.8409532807476437,-0.2979778335219952,-1.8322169944332634,1.8457778348388068,1.8599149100456656,7.274502509508809,-1.8180648341623797,1.0930817233343726,0.46111991689099213,0.24747958402245718,1.3392611176252407,2.0435776761481717,0.8546942264985906,1.456297697874327,1.076199718332187,3.087908919171414,-1.650584328892979,1.6762370194699625,0.6572189246195889,0.863977183197909,4.469591210574384,-0.13596292059988516,3.8444766827622696,-0.9009285623143072,3.3386546291453776,11.21356138906045,5.187377345678257,3.4282626487691488,-0.3030758871264627,-0.752926479471116,-1.1915742137632557,0.04464900556356636,-0.07985963575501567,-0.08262333062710567,-1.5725437936047868,1.0524621854814864,2.3687263589138,-0.016031395848493238,-1.0536848518273378,0.18869439693326678,2.046615314201441,-3.3502788362778393,-0.42657806521160035,3.0839766217286657,5.774687988822544,-2.2603820539305786,-2.707674056314699,1.771443608405517,1.8178865803464854,0.5664952741426186,3.8758532732275035,0.20594162769321936,-0.33717448472977135,0.991509023984669,4.21874129662253,2.3165159952096817,0.7195995582788723
C3L-00674,-0.7499550362845464,6.570320359818551,-2.1133461673389085,1.149995961628312,-0.7151869464162509,0.13041634586269577,3.3152607172259354,5.946319732610038,4.663332269698599,-0.0406226633790206,-1.7312425052030154,-3.8367003378146745,6.345086673069686,-2.2359559199048262,2.186403830146123,1.3071236358773957,2.185269287478617,-2.120034579287603,-0.10305629505602944,3.7852603728666856,11.360760176964428,-0.7192484216338131,-1.1141074777191209,17.98118807872315,-2.2927193375806847,9.229963123127506,4.137259407804275,-1.0368813993458725,0.45433306216580166,2.1579164896241387,1.9075669718224804,-0.20090953644597304,7.061013811936038,-0.9562472895946386,-1.2186360971691803,-1.6258718708873916,0.5979329302420251,1.694081250459062,-0.29614458422958023,2.822200357734599,-0.9841474765571822,1.3942349027321712,1.5194850367591615,0.12363919822089016,4.001201279279081,0.8572613893201334,2.575726717323183,-0.8525181205815734,1.7578357435544774,2.076666066941545,-1.1546967396048504,0.7921574883708394,-4.442919678479125,-1.4015613364765847,7.964421779617973,-3.0448951544422784,-0.15590029242963288,0.2716032630585917,3.8522400142027355,0.2064518003155601,-0.09121645359794214,-0.4727677042856211,-0.71023816641462,1.4200793740325928,1.3003710520869478,2.198840379924752,-0.4977052784533404,-1.5687998588070118,0.6452260800806425,-1.4934771991656859,-2.668407346879759,-1.6450608013544374,1.1773138509289738,-0.6271740851063594,0.469717993839423,1.2053470844730718,-1.1293699921008964,-0.05002089087516669,4.138288705242322,-0.5368619500756324,-2.5784152759313215,16.56652717696954,2.7931765319277875,1.2564544041874366,-1.1615601896491166,-3.3282502910519387,-0.357401642109627,1.0839091982040339,1.668536423124663,0.676720081034234,2.9507501807983005,1.4659905246810694,-2.2347503163787064,2.55050122920485,-1.742632810992849,3.5443758660329427,0.3794857174454767,-0.6526653956210433,-0.6559904401878336,-0.9487182409503407,-1.0816924263545746,3.106495168250374,-1.567527935049094,-2.321482310464613,0.010523955736694159,-2.1150864771370723,1.4645575556222938,1.3989131933611467,1.0452986035957343,-1.545021735984604,2.079785981891618,-1.2991174608234235,0.051537774374138944,-0.48724815020921985,0.673881927741551,-0.4383796133076692,-1.3313453000833253,2.328329768919241,2.517894713549838,7.7286084902626335,-2.239501894771853,1.9128048560985758,-0.30857589440996147,-0.11167736514444988,1.660769889246281,3.482956946615184,-0.460287299483849,1.2567025402726983,3.2292539409564713,2.743137087804083,-1.4270405446511303,3.4267636733618287,0.31642338972781325,0.9460010066012648,7.017111357291768,0.62286752201184,2.7752623530900693,-1.2659801856065076,3.2436220877936024,11.866430995121418,4.412526078971249,3.7319421895806033,-0.029152478193903167,-1.137633260131731,-0.1983743582218317,-0.6706723382636698,-0.3876764241388363,0.24751568735926707,-1.3444112178627683,0.7170732213790317,2.01258656704796,-0.2930274862884167,0.0008656794720778933,1.6061302961475319,1.0956948767863466,-3.938640219482671,0.1009801851726967,2.889356143133257,7.114821645519056,-2.8491167937504636,-2.4408422479391554,0.3103947006709674,2.1485197778985228,1.0031755157619342,3.45640799519391,0.3627655307232563,-1.3513510256177557,0.8111302092977105,3.8216230870830534,1.7573344280659773,1.3960667587719242
C3L-00677,-0.41393169399093926,5.602285650086786,-2.224294261396458,0.6275245647801854,-0.9706580064892886,1.5735062239111859,3.999965624593644,5.548648262453916,4.699195754654173,-0.6540343025885189,-1.464997205366043,-3.500076473874187,4.270625570958054,-3.0962246870079815,1.965956385409792,0.5171599392966003,2.0250236025903936,-2.0806070934127927,0.10658283098623994,4.514557563975067,10.3547492638302,-1.2480740236749894,-0.14440781331440677,17.76787513016997,-2.4737584229775136,10.745838367831237,3.5413584424910165,-1.960796963991182,-1.0424045019111694,1.1134085155380606,1.6796529774053728,-1.0223678263087648,6.462808247935778,-0.9400238049372992,-1.5987103717645927,-1.6297551294206194,-0.68646079494229,0.976926896209789,-0.42533826042422435,3.0451567907739734,-0.7352859245619288,-0.48000916764967005,0.13636935937099565,0.20097370870331938,3.2766586423683997,1.1165819522608793,2.8467304426078472,-1.322174906177325,1.7676590526590634,1.6263901359201391,-0.4470203110169451,1.087984407911679,-3.337764818171124,-1.156838322231339,5.4376118343147715,-2.963210042788648,0.6642497412035269,-0.04114745904256981,2.0729310961030216,-0.8547860348880878,-0.22705619342416422,-0.37074089121251713,-0.4064662510595341,1.9319085613097882,0.5595119363159127,0.9956303128382873,0.8270923536315833,-1.8595068328467403,-0.12096559112639682,-1.4738896221871174,-1.4324310921552947,0.1695501879289028,1.329316990996781,-1.3833904238725618,-0.007928639673905042,1.5723899436762765,-0.9196876718423634,-0.0868184632284167,4.75414033631636,-0.4785537228012195,-3.063824012958338,16.493587937246488,2.1347804361528304,0.8942129818997349,-0.4756709998307223,-2.680745088072255,-0.14069670120949973,0.6919244872263548,0.3035048835589899,1.0251143434104677,2.860529377205106,1.362608182083924,-1.9440205277613385,1.919116594463595,-1.208299704818172,4.079306459563506,0.5100893288724371,-0.9770023766840643,-1.1173403352502251,-0.28468207982144894,-1.0814655465780927,3.4298882172262504,-1.3117973022687872,-2.498372314811985,-0.2565460971561688,-1.2707084558211679,0.5596286734412117,0.5635703675243648,1.3802311182840918,-1.6220194484368085,1.4898398772816968,-0.4294663746213383,-0.5715350410304635,-0.6333872002562492,0.16417743493988898,-0.8371923444095456,-1.3136022190458903,1.6981636165987404,1.7681572781664703,4.94158112691559,-1.0046292925350901,-0.6893384557025214,0.14849766569388376,-0.4378845615644672,1.2486863629495817,1.7930835994983372,0.3794239933400687,0.771446514211371,1.6138494597329296,3.2172576546612097,-1.6086978452046274,2.933614861069366,-0.6362445043443483,1.4307990217910387,2.6100988382403263,-0.4432920396093866,2.552111827438057,-1.025981342014563,2.5869508728218635,8.769153579025733,3.236099831467535,2.8458991191362863,-0.613107563910662,-0.47870306690853665,-0.8471914888816914,-0.008136182753041598,-0.43918068467846677,-0.8500235048800793,-1.5798324531141479,1.1616000155016684,2.631726400727667,-0.04506621161957547,-0.9931800687963765,0.881711945273566,2.169427357970424,-1.954129851339635,-0.5651199067602292,3.2638118756385945,5.428847522250869,-2.9752307834612575,-1.82076072763518,1.9369391021783635,2.7420719317618776,-0.5453197589593779,3.627322264059913,-0.580653706738715,-1.476135445899052,0.9771379575817072,4.116048703424607,2.7309588503224167,2.7777419519975357
C3L-01040,-0.6508578293108613,5.844562140903934,-1.6804800777865976,0.46404639894554306,-0.41613281329069574,1.0538253756065035,3.047371992689275,5.957528739736846,4.461056638560611,-0.31800807149272714,-0.8788442045729118,-3.820971438233344,4.816671903822765,-2.949776545672449,1.5856041926338844,0.7004062299853689,1.6863366830277406,-1.0276317100447032,0.6362957788456682,5.895200288544159,10.345731846949514,-1.9965562191695396,-0.052914059820791656,16.194180975147887,-2.0394533831924653,10.356613239948604,3.9798690129410983,-0.8901413757339236,0.15272454274784206,1.9527437933503824,1.8419250865313057,-0.8839444344121307,7.130815595149111,-1.5034515989371064,-1.3161604250234715,-1.5121109779714834,0.587516670758091,1.1478724268470268,0.15206077005502844,2.773959418559858,-1.0867668453609864,-0.47608936176918354,0.8491149921986334,-1.4442291765617759,3.9735703118872077,1.3592863132537112,2.6736085148442212,-1.650657745057407,2.2043999066314592,2.8454537654596654,-0.49540648473962645,1.014924297242577,-3.395485991263511,-1.1249962468331534,7.259527632012094,-3.0370081186704208,0.40216483174657963,-0.3230199042332225,2.296546697265117,0.5086811660740267,-0.5047802308389795,-1.1756401373497,-0.08431294421083783,1.6424132166680856,1.4919422181190347,1.7849988010544966,0.4897078142895313,-2.144798158477584,0.2763542839513836,-1.239085751937252,-1.3583223992017184,-1.7549920244139778,0.3816810134122164,-1.9055420475438334,0.7044096953967536,0.9388166945723704,-0.8349518233042532,0.35411823994228114,4.468534461981134,-0.6737244719934925,-2.7038968787928006,16.085464929847173,2.349044264687531,0.8311983425330549,-1.0780657972352914,-2.0071053199504023,-0.6216147605310437,1.4682806159483466,0.391929443836803,0.9147412841825959,3.02574330894229,1.0728932154194342,-2.380892840722558,2.597933553641509,-1.2347951315151973,3.66702277753801,0.7860636193394762,-1.0110124051862237,-0.9152049199850821,-0.6550524312293937,-1.2166441811908624,3.336062860015579,-1.2148790056963488,-1.6551042135437386,0.13365494184528226,-1.6857648385957489,0.9223255361440589,0.37571080285828684,1.0616280808680167,-0.8844425484559684,1.7105975942252758,-0.3765911881454853,-0.11616864754003965,0.030457152291329385,-0.013185560145922063,-1.1868863495748014,-1.1227910925396691,2.1395644194810277,2.390724009043989,6.24190604627969,-2.3866461692575345,0.20231330169314912,0.006636190965372049,-0.14354138341911463,1.133138882018894,3.016929551690547,-0.11757964642573154,1.4728705908580386,1.4778272803539205,4.589175528011113,-1.1258184031445724,2.8407303483544672,0.6888846741768252,0.8448489249607278,3.707701614277475,0.019176374406091354,2.793650517306477,-1.179002210206717,3.3600700295310593,9.127815551472525,3.104772532142163,2.283158707644111,0.13100294847832702,-1.1366740346386595,-0.6208758458145324,-0.2594010883788484,0.28779473287004037,-0.1887560229658022,-1.7298759253739742,0.20301061625035252,2.3537646538137693,0.4326619420867655,-0.7343367196167622,0.8570877717510712,2.6763956473768276,-2.7878686705600995,-0.8528768494189644,3.151868663525781,7.2558872478809855,-2.509890320879604,-1.613281452947918,1.396421908996616,2.4845701633102775,-0.022658034944441865,3.2707847321683463,-0.03300680425477601,-1.3370928930368255,0.656261400005928,3.590200039687015,1.8752143339107374,2.6980904482294923
C3L-01043,-0.34007919961154165,6.93017363705558,-1.4559951075431765,0.6610329727272282,-0.12868326274922276,0.889379576168226,3.2523082989835514,6.19225841276116,4.768206896457128,-0.20183875803161708,-1.470756428308116,-3.805717040009791,5.737087480643713,-1.5551644367785062,1.8772944556220594,1.653053909656317,2.0544104436903603,-1.6335381025759637,0.011780549932936606,3.6722752973409536,11.3439658080501,-0.17595471331821258,-1.134400793654748,18.405160149749303,-2.5727799301039695,10.253533494253281,4.91391094544743,-1.0326376632181649,-0.682674849055597,3.139965391887456,1.8428681167345993,-0.318931294256215,8.285957509683355,-1.7492246906496125,-1.779061924026413,-1.7660603353807507,0.7103896084997868,2.1560661756406234,-0.6089089656404432,1.8169721065652256,-0.9244291945032088,2.627329311533863,0.49382033603236564,-0.4247197006219037,3.6161902296030703,0.8674886409742067,2.310387869187024,-1.4987430827255162,1.6993024481506669,2.182655986560694,-1.4348333102250215,0.41324369605998174,-4.466709041789514,-1.549961173429242,8.322788638852636,-3.2557595653324336,-0.2501393807549733,0.29939417569596805,3.8656944546764906,0.46783608986341507,-0.0017927618057258013,-0.13549127934100147,0.12836949781709253,1.9292877648690712,0.7475115962417472,2.446251067136714,-0.5938673500719088,-0.8649569392100657,0.5271367813732023,-0.963624083727658,-1.8336821956664076,-1.6768519901143877,1.4653411278283244,-0.8889336543005044,0.6701912865612621,1.4881532717942956,-1.200691018194816,-0.09417624270631489,3.1262623287266056,-0.40210389969232657,-2.2775503066627505,16.886811234185615,3.183689640095327,0.6927910038748452,-0.9275162266420761,-3.001961340533175,-0.26857891014943763,1.479558443063348,1.8961806871763418,1.9905156969649238,2.491858652835962,1.5491338184544674,-2.4556312848218287,2.6803176242538798,-1.4914154537046287,3.659929121933952,0.8915009503666325,-1.7048911361911174,-0.2506854686137337,-0.8670373882162027,-1.1874731252058648,3.3321020137337736,-1.5042594766614819,-2.3535188198071033,-0.13585813382991785,-2.5122990361143573,1.3596415728886961,1.2340805837843625,1.0292647339980998,-1.0339545904613927,2.0849948524552255,-0.6106700534460592,0.6935019720013688,-0.4339777529172429,0.7988373695503154,-0.3169658463077084,-1.1323931017776643,2.0240719931843887,3.1554534471119244,8.795000905423906,-1.8204618606957412,1.071313416998316,0.6329399632763446,0.08014118357352065,0.8694463575256977,4.693235938016396,-0.26013436477076585,1.1401788460807063,1.4659446247204053,2.1100549323218063,-1.350965283591466,3.619378894434415,0.5385332191354403,0.9148879375195125,6.293036089887657,0.3524638284661572,3.3835716318777576,-1.0069828421639657,4.62084187430589,12.006591686114936,4.954248323991,4.266659461376196,-0.05240892909238113,-0.9921395450235921,-0.6560322698343416,-0.7182189470007869,-0.5228975325874909,-0.09561084726896743,-0.9068452732698661,1.616150483511243,1.90573164318915,-0.6271956923195492,0.16858850692954427,1.0338919641571824,0.9723374310198494,-3.9855772445323083,-0.03498814726943359,3.19338982063691,8.462663530153375,-2.9667925844206597,-2.435782239971928,0.3907088538749752,2.0109476837534177,1.4610910270708521,3.8799955645931146,-0.07816751398369388,-0.7447198110272778,0.7750141508886597,3.716594498170223,2.350113918909526,1.8549196202453373
C3L-01045,-0.030644889468383407,7.215416733955927,-1.6263523247813303,0.30687031935491893,0.305222006534958,1.4215277966441588,3.788847714596225,6.367550194715265,4.272399529843031,-0.15320823687658905,-0.4794635183557698,-3.807930575888774,4.663603551513034,-2.931303653995093,2.677935593647905,-0.5310815596429312,1.755944564485334,-2.2920653211528457,0.4699713839068786,4.038321609841965,10.42861023732851,-1.2150410976167583,-1.0566821087533427,17.893807601285346,-2.3078375997104628,11.43074224846892,3.89114667277074,-0.10051675024029094,-0.9387165143793492,1.4986610075954636,2.711412088850069,-0.8903032225568946,7.6111501407655915,-1.6493983298768875,-1.9324761648969995,-2.3157713164820373,0.3995636183135189,0.775672939567921,0.9882935381748035,2.3007108206471423,-1.2322714394551502,0.038872675946972295,0.5386298833050045,-1.387814446235207,3.166122762547083,0.9054091628575708,3.0586644427814256,-1.4750991065824512,0.9919661231690017,2.3234934573045996,-0.5574605201735234,1.0992949729030643,-3.5574699157614695,-2.204702146988804,9.215931447764435,-3.1397390653182367,-0.6270826038631104,-0.07019148996968858,3.794602014349765,0.5275335308956907,-0.1898931737102878,-0.4783938227408951,-0.23085194170714757,1.763918414327355,1.2830503593801417,1.55813833286353,-0.263987444220976,-1.6022334372148053,0.7702276217279713,-0.8960720946326521,-1.1539315481693593,-1.0291827197027192,0.6641371704786521,-1.2986138562519678,0.6777428459804219,1.3907421885782838,-1.252368813231969,-0.20813759274037386,4.120159602917541,-0.4663859846389536,-2.593301426481372,17.089876077684348,2.93044872488229,0.010349981132897692,-0.4056269848647234,-3.023086659178262,-0.6885179975194133,1.3518680709175908,0.8468119872160552,1.527878703609051,2.450377569286819,1.6133554868961142,-2.2006168301008344,2.2337471324372844,-1.7308426756968325,3.868324030920774,0.39374594255878526,-1.974674465491878,-0.5561406887292681,-0.7681943505985259,-1.2173462548946326,3.5500209832092615,-1.5660946862015965,-2.2620247816967907,-0.15134404975867244,-2.60091126778828,1.3224191417315616,0.7313107824312048,1.6588894751824166,-1.2706629272101648,1.829047225040258,-1.126828499074169,0.588510999100235,-0.15985264100944138,0.7035804791275618,-1.2149978912076826,-1.473726965304183,2.075099124362235,2.857870574938856,6.211161884753459,-2.4696623720582043,1.4294281662111061,-0.0980028501836007,0.43956372497911417,2.0468857639326177,4.417778483582004,-0.21162566082997966,1.5487414767986196,0.8881962189417417,1.4508416426447026,-1.9141882578583955,3.007502149416133,0.5102942670347048,0.8772059029165731,4.193946887406598,-0.21363278197786095,3.1966423388913565,-0.7003679034307619,3.715232481767201,10.325750665265293,4.665566274575795,3.5790091621225204,-0.853091009646729,-0.5098410057288253,-0.7945851794015223,-0.2686976750816432,0.33292964575904443,-0.8242364263802763,-1.6979549507988894,1.0173875040321605,1.9923840027395907,-0.36498946135563026,-0.6830862055364055,0.9876596146501413,2.4273037829701103,-1.6495524776583663,-0.17645710442660112,3.010438545780884,7.336862927831248,-1.948221240366579,-2.7766221631899946,1.2079431185569272,2.082294575172962,0.6525654124958603,4.833556041271822,-0.3958579426182579,0.6457318134703175,1.1121912549216324,3.938828733365995,2.523860526677997,2.3208475267060753
C3L-01046,-0.760255296522628,6.6639913258205015,-1.496248560897411,0.6609835416795949,-0.3757007551670488,1.5144114733151717,3.1707668370144555,6.0741054472939675,4.078983882714902,0.13634062128940508,-0.9835004608046468,-3.7419761996409515,6.609246719156112,-1.728334493186999,2.1607175082224503,0.7972658669317257,1.9813429410701493,-2.0780344481853974,0.2955099993074651,3.514908886451318,11.18870933175393,-0.5310491902420768,-0.8013189893911067,18.37994061749534,-2.425123486220629,10.263294072308112,3.7546341629131215,0.24960512270270993,-0.021006041728509103,1.9863778858999699,2.059140389489619,-0.03637169042525262,8.827089886472812,-0.7288017057780027,-1.5676320953528453,-2.15570815551046,0.42284511984875195,2.2994626215493827,0.22029008149582593,2.0988822606503086,-1.1482044145305885,2.7549964935724263,0.9114763745182455,-0.6211459913165949,4.156575877720675,0.8568687397965491,2.6260251633009895,-1.5548900022885637,0.9630196603917496,1.4286209438634696,-1.8073108312276742,0.10926606310502712,-4.066560580682479,-1.2888933387177048,9.412801084120305,-3.3370895146806574,0.20139791537511134,0.6994099748504933,3.7357114150144963,0.0852831632408583,-0.0341054137382527,-0.04726458097290048,0.03954597139809201,1.7346981290410255,0.12539942090063286,2.6042351270292134,-0.550991666644373,-2.030877569768493,0.5648339245269701,-1.0447961666653482,-1.5844382361236613,-0.6830961738980922,1.7291040007333454,-0.7247489806764768,0.1691951237150517,1.4190307535967115,-1.0726094243760729,-0.21908315287094837,2.8040896231299204,-0.21732415115648082,-2.813558531192403,17.32132200105523,2.6674982065135975,1.0546501324216142,-1.7510160494514726,-2.5317681195423343,-0.4985216550817678,1.1091010984717262,2.294357819136515,1.757720363432158,2.821344356626696,1.5992511390611233,-2.345401540774404,2.6321828291344382,-1.5294539057973837,3.527544128983933,1.2427288152391025,-1.7548072121858773,0.13431645692746566,-1.6061287969458138,-1.069300057323557,3.1826851900583617,-2.0064782860875394,-2.121413955335529,-0.5305301939812498,-3.426860817527628,1.8592862977505378,1.6901933574616526,0.8784777026094772,-1.2688441930262162,2.4848870442289224,-1.2974567642156647,0.8153548338511518,-0.5668038163447927,0.2019782278275304,-0.6448900412960673,-1.6780566043304244,1.9789854762655432,3.0192003095294866,9.973716214287311,-1.4760082148485842,0.5221366803826696,0.41603135941122477,-0.29219658022081807,1.2200568713796547,3.310921232646275,0.32329965911722447,1.559096939698712,-0.07947085593434958,1.7646273004373398,-2.4531011944222807,4.3254538254547095,0.8184588561711481,0.8130189349385096,9.125625934389126,0.5000370791747305,2.5979447833675553,-1.0150004927985703,3.4142368535452188,13.812176023292292,4.859245305407669,4.714153210888132,0.3673071707283575,-0.5477089018649497,-0.16083466862646387,-0.6777723465785789,-0.12822473349413982,-0.2424361300731046,-0.8194258166715185,1.7494532024208351,1.5879530331330884,-0.9779194560028177,-0.03343968971763016,0.8526391837090352,1.1033759447165663,-4.058889596740187,-0.04476534393257757,3.083714100491956,8.09022739432218,-3.0491884842814403,-1.9071798179160944,0.9358098375749493,2.046192847296993,1.4157129985391748,5.023026699279797,0.7174267499644656,-1.4035644940334524,0.5406167786923914,3.623725717365189,2.405896861285261,1.432954503194601
C3L-01048,-0.8890529737364105,5.811303835763545,-2.1159202265193207,0.2884232340381876,0.09264240090907577,0.5865192304222967,3.146345751927712,5.236645273688791,4.062310874971617,-0.08106817703948047,-1.0069028487406937,-3.7158045903938053,4.717854079301833,-3.034851786920603,2.0833254396317176,0.22349055306904408,1.5278977851399225,-2.3809057312346704,0.6526780638880171,4.460911155112724,10.360642922965997,-0.9298725561355179,-0.6945147961041147,17.920997014999955,-2.481513572809178,11.472712979003935,4.037384964934916,-1.249579766105332,-0.5318780543627452,2.09311966075294,1.7456182589538087,-1.1034911007281993,7.337478170737165,-2.062117587985063,-1.9630415300660942,-1.8150228753563198,-0.1484980540680886,0.49420361933845053,0.7229931975574561,2.293759669659569,-0.5635986587210683,-0.005355409809491262,1.1996434425956755,-1.7179547124848205,3.560118752988893,1.581279802249513,2.6962521761105864,-1.6509525702383283,0.8047616383412487,1.9675551497360309,-1.1280639803331216,0.82143186853927,-3.221857781036961,-1.1102319902003166,6.164419738589391,-3.3252418258265837,0.07882447502612151,-0.10154078305440799,2.6551059807525843,2.120588604389421,0.5710994606204381,-0.3851557821519816,-0.01116917131558328,1.5714744480061609,2.6883592450784497,1.5001032772004363,-0.019498448448811614,-1.7848295493402058,0.1276152750541034,-1.1391124103800505,-0.5202516871241145,-1.619204593303244,1.0722822577796702,-2.0456509922411255,0.2676217977176891,1.7244710974057351,-0.7348910378910458,0.2701677288712189,3.9901955500512063,-0.31130036792086146,-2.526968568711232,16.041057016125045,3.307335348866426,0.9952866735244703,-0.5908869266610897,-2.450311171743437,-0.45216246768687096,0.4250194666919558,0.968798949253796,1.485258971852655,2.8088482160557198,1.196196728769634,-2.5076186231938924,2.8076291227325703,-2.0242488603780786,3.80697243570927,0.16616546777964827,-1.3919004011409044,-1.1680941427225475,-0.45998649050118673,-1.082810623458552,3.529700750387586,-1.411478903262361,-2.523467984921949,0.29268001841796193,-1.1221422514919819,0.3826292897585771,1.0598011039431132,1.4957186106471843,-1.2832691850021278,1.276294568156647,-0.23696030295678697,0.11132989130484286,0.14005130518035896,0.49550198229473263,-0.601481339523894,-1.6884313487340343,1.0757095654613085,2.1825867186717294,7.892650213183465,-1.720428621551617,0.7269828543486524,0.4321011946929546,0.4624350046534654,1.3835820051527201,1.4881535043611125,0.3218530322566502,1.0479723104938907,1.8338199997043454,2.3097950456434204,-1.134872247901494,1.384757036254014,-0.08950442110921825,1.006660417224226,3.0556009147145247,-0.2541520828136475,3.2400879979079344,-0.9323668054317235,2.975975159096647,11.012936611504275,7.778972946434239,2.6325711128886744,-0.1952125016448631,-0.6313860313260373,-1.7056938771508372,0.7228996284668746,0.6594854044171778,-0.3131643421120477,-1.315355298602522,1.625524665300272,2.491097767388411,0.1240938565828336,-0.961011753519478,0.05888628872104389,1.9982749815709429,-1.4312561575820717,-0.6173227090249033,3.1584780988314938,6.01771833522548,-2.0958057162712858,-2.6140521698513584,1.0816078144369463,1.7753118468097628,0.4010885345994992,3.831683420751419,-0.5883571951677286,0.41682659122509513,1.5139909968698995,3.623399299736017,2.7257870200275374,2.9039866758424075
C3L-01049,-0.24527525961359298,6.992555858816074,-1.428268104888637,0.3779827246085272,-0.28683166204395527,1.11232040729252,2.984477925704275,6.097676427374095,4.414025242269359,0.16506626786385642,-0.7973734909914612,-3.9048883144887587,4.78895444300301,-3.5592003921732296,1.327036929908858,1.6855925282742659,1.7158957945638946,-1.577431887194432,0.7528426069306128,3.4586645476026643,10.434839009690798,-0.6392766713501951,-0.3690915953036517,18.718257840371276,-2.184311169911487,10.194393260027114,3.9786495434627693,-0.39999188746426945,-0.7536843428036478,2.762207100591372,1.9105594405655972,-0.7871167523020021,8.77071252018165,-1.3523110002667742,-1.1926456280788844,-1.7726202852695352,1.6161384971816324,2.7137149373390277,-0.1925290638353908,1.5671376258724243,-1.1014783273937796,0.7382280026642847,0.6511074886421359,-0.3559952257528268,3.206802215750547,0.4621539929646126,1.6924036085353769,-2.0596628051152175,1.620851496327815,2.3722013638298542,-1.2215969278214964,-0.6068896467329654,-3.445332331134484,-1.6166198870796908,8.50398218594388,-3.2383343852222595,-0.37698775769365944,0.13924128822779105,2.766763964247798,1.6784147369403881,-0.12326465408970412,0.01632532093744531,-0.16697451416328435,1.3911197664538475,2.973423876408234,2.040301806947789,-0.5899790764032949,-1.2142926518347672,0.4591010292932165,-0.9537221924504945,-2.8445765942715053,-1.434181065942057,1.3412307582042802,-0.3069736669371621,0.48095785970505706,2.045058149244007,-1.7281213334265995,0.3805267366555204,3.7008393119729597,-0.14510247137738083,-2.3102722993445672,17.100560876592414,3.4844387403507606,0.47325927623828723,-1.2142988656642493,-2.783757120905257,-0.3670279936966699,1.8561385297015558,1.8550469881900138,0.9018230199148818,2.5252172250700204,1.6126041305595327,-1.5708023825148336,1.6606177266828959,-1.5481648848829381,3.6611899113956103,1.0800020636811853,-1.6189195234724225,-0.22138024162049785,-0.2993443948991699,-1.4216479959582085,3.3386588121556815,-2.1043290834202963,-1.66494846972604,0.5375328640520145,-2.8913529796467605,0.7932836017728356,1.3767236214706835,1.0240016327312973,-1.4518468146612051,0.351093174925363,0.541213579054824,0.4637267809393773,0.01280393333000965,0.15330686549297837,-1.6444027263639998,-1.3378191872435594,2.1076464747292234,3.5764179587582756,7.775894714711208,-2.127966636259684,2.097533231693272,-0.4949359913926853,0.2655213578024206,0.5001934535640133,6.037237411711838,-0.22593892065097987,1.196064894043229,0.1819120475480568,1.882267560366488,-1.0195094042256772,4.127765038170121,0.9213833066040877,1.1964213145931528,5.094577893341499,0.5842677037130642,2.825585311992902,-0.580531603978833,5.445125363697853,11.449926713997963,6.922594151934923,2.504727884161106,-0.4900967363431369,-0.242931134246091,-0.3760596052818381,-0.7942298648122855,-0.9149449857023583,0.028176520470879055,-0.951075943587761,1.4551245578074146,1.5605750697769605,0.2660820506245216,0.14700785514204393,1.1154449321059303,2.1026965979180012,-2.2697302136900483,0.36439841908473497,3.595926999846427,8.952054964770932,-2.809134043606836,-3.028714025521103,0.704575333727615,2.121045463498092,0.9263150739962333,4.087017895885842,0.5406866116492389,-2.467328112423849,1.1580909194464333,3.7107870291650538,3.50697587376729,2.1618167535193735
C3L-01061,-0.4462143719763279,6.377008359344764,-1.9671910263943,0.4851565427365788,0.5699478447527849,2.1946885332015498,3.341860778628104,5.6152016757508445,4.171413840045943,-0.2570402350162056,-0.9818289444684788,-3.553186769539592,4.402506059737102,-2.649660705468097,1.8313860338988954,0.2334282238135374,1.8366831566632067,-2.1383854524450383,0.13131190181777938,4.562237333035099,10.709006527909182,-0.4444245074563608,-0.7440308908071512,19.563277361531537,-3.1896735816170914,12.205592076733492,4.498151782203133,-0.7761212612108369,0.0443971148355266,2.1374764800562476,1.5759932968211554,-0.7141535992989245,7.676873718386113,-1.8947210973921715,-1.3431395994484359,-1.223888903332358,-0.7036585868255456,0.9538350162253396,-0.28202014295641087,2.1930073858416876,-1.0486000011851513,-0.6305934650123599,1.5828051028191166,-1.8826500996475322,2.5345194573676424,1.4950300283650642,3.2835148541424175,-1.4948809769653337,1.5819537794842775,1.8361948550388913,-0.6385425186930084,0.049618670788267163,-3.1229516568146694,-1.3317699947921287,6.62049831169971,-2.995880074864729,-0.5208017470789474,-0.4803284011272634,1.961636974820569,-0.6543527069707987,-0.33083821961752446,-0.9488124035150256,-0.30160917733620357,1.656076471102443,0.5191183191097258,1.169375598126826,0.20642923550778375,-1.7857881936223865,-0.17173469549006148,-0.8016663887005312,-1.7045665440051943,-1.2470560773641004,1.2124578216862798,-1.6611442215080017,0.9498764372453132,1.513990734513682,-0.8580082413100559,0.11193513668911345,4.431522099006807,-0.8518962228007497,-2.3453562304749114,17.008660484852857,3.970327140458063,0.026542469818451417,-1.1647768457906003,-1.4130557055095798,-0.5235140118874969,0.7834942903213329,0.18929018278621546,1.1730101063507181,3.0289965364706117,0.9302359332423878,-2.274353675455704,2.40162586511485,-1.6774324463990173,3.6686919105469693,0.5805163876186524,-1.3494118281961756,-0.6150400495062212,-0.49601539754480695,-1.2321572313291935,3.640821354567331,-1.4066464357806594,-2.320193107919812,-0.3855715645697284,-1.6216706301189174,1.150245038012762,0.35533973917797457,1.8221508848776375,-1.2963921737839994,1.5455193836126424,-0.4161555136248619,0.08093733953792254,0.03594208751349974,0.020279038049355325,-1.0157674151075577,-1.511865647960922,1.3567930844887417,1.8033023982764564,3.919101740421815,-1.4295898713516884,0.04793172331549578,-0.3837038741069575,-0.01096269778325379,1.2329701223330667,2.276199163437633,-0.021967504019732787,1.3965705596463933,1.398526216354708,2.4583006262218268,-0.6545495000920167,1.5233209468433573,-0.21615281787808674,1.417779151165078,2.739267867765742,-0.6117633943534424,2.8020181428854123,-1.180742984077249,3.3553688403987674,8.092880296734648,2.393886784634154,2.457413176964216,-0.48655230768875146,-0.22990968019666197,-1.375226683343837,0.3485556811114305,0.8358855429063271,0.08201989819487875,-1.6272091003159135,0.987672486407247,2.3280512534198063,0.5898372273482576,-1.5459391244030602,0.6166068786616404,2.8593610241735656,-2.4487543434531944,-0.2298692979258855,3.736782477006566,6.370046741611909,-2.2115090289797914,-2.2194901192752776,1.042279031793916,1.7484163299342932,-0.1339773070019064,3.716556038392251,0.08904347491431787,-0.7195311419803683,1.2328195953991363,3.6165866989136712,1.877137446213425,2.86246475866691
C3L-01142,-0.5196046556676477,6.594936184637575,-2.1824205523066613,0.3551098933193811,-0.532992991596132,1.4104416897615542,2.7490826541939977,5.879678047775169,4.649462726482748,-0.3321710442374531,-1.1737829209201667,-3.887170610460953,5.604105280121957,-3.6330187171377686,2.926528896638916,-0.4822666327626104,1.678268398576804,-1.5816307208124518,0.5039617812196537,4.153795605093623,9.293541208931238,-1.7264057343275705,-0.40249969238219585,15.185805670240157,-2.289261379324562,11.546152771190048,3.8715128017152733,-1.529785789679227,-0.1362014492855825,2.4709456543997055,1.905872057371214,-0.755137187876339,8.679474897518816,-1.2172243670930587,-1.5737698262627393,-2.175631983439549,0.16669887865571997,1.3365770480584973,0.40710056894756724,1.588844886408213,-1.0736297046077568,-0.2979072126166074,0.2274188928169159,-0.4944981742056364,3.9691596303729106,1.2537153955403004,2.113325244620315,-1.8480196692598883,0.5044039404118441,1.7070191565825714,-1.3785252894618574,0.34525466778324054,-3.7851716960960755,-1.3369705392121005,5.6668184197038265,-3.1355175429738726,0.6317856804016366,0.054134871372229734,2.1615701797268376,0.16728742901836852,0.4895326487913123,0.36822196779657695,0.352679116892373,1.35982985068276,0.4729955561025834,1.6069578797144581,-1.1886599096030437,-1.04940304076822,-0.077623518791034,-1.2374020826349663,-0.33788256033600417,-2.576164728497912,0.6742007353037754,-1.0059693118516555,0.17866625365282504,1.5623344756456676,-1.0942145177345117,0.4400233354203876,3.6777848243952564,-0.5913467540725965,-2.9612090229980463,15.590328306786947,2.603044071458093,0.6966438416858477,-1.5023355571571353,-2.764466207151035,-0.3361605532913379,1.5255735047495853,1.7167822633449357,0.6221366868600179,2.5111716219361435,1.5651266987102814,-1.8363850581723897,2.933229151563846,-1.7124680860085013,3.606005091361683,0.6285394306507046,-0.8272309757698301,-0.2622530764352348,-0.8155083522852536,-1.042110776961343,3.4223144256112503,-1.4161038429161006,-1.1647607417780983,0.1461461202908245,-2.8940720974272076,1.463531849672144,1.6966635647219388,1.1313499278893704,-1.4891279031860167,2.2879510618290255,-0.5693896319733897,-0.17157761861202137,-0.7310129924765201,0.7306810809216222,-1.0827184607725155,-1.2870899092059829,1.6535334071149876,2.9027899004139384,9.276559641442784,-0.8731759235143915,0.4275707577920481,0.31696966726599146,-0.40274892261642486,1.5474192870988468,3.268101374356885,0.12352915248882357,1.7176092472724527,1.269862618302679,1.1177773888471934,-1.7965586963788343,3.8825366470395326,0.33241277947264125,1.1505189520898946,8.577098549395071,0.7353974039571574,2.291342663760219,-1.0033519391922932,2.797577639188336,13.450487011543947,4.619884950260808,3.1304085774126995,0.17173433865954268,-0.7634777820323543,0.0260237135863678,0.5829015905954931,0.32024575948383505,-0.07706675496339914,-0.5904053715057277,1.6375387350475636,1.5226583321169143,-0.4390633641979759,-0.23144341881851646,0.6721973837666004,0.9320832379077905,-3.0765608448524304,-1.086483554150627,3.285894724706428,8.49974896089932,-3.0528188459080243,-1.6946527334467893,-0.019312319491925547,2.3590882900701695,1.2169297284792986,4.676772826368254,0.7248914689266458,-0.3211476311845891,0.6858468763441191,3.4972327027561967,2.4250727623141723,4.458783373643721
C3L-01146,-0.9679685951005794,6.707420357191612,-1.5451386055322038,0.6908141729049979,-0.9380177084878085,0.7985840741889818,3.801582529437624,6.06262308807518,4.249595923489126,0.06939886880052797,-1.2261428622842228,-3.6909622215224944,5.715734561652428,-2.1043033303298215,2.349838984734346,-0.1700462762618423,1.867523389152298,-1.785559754615899,0.010089238964694307,5.707143285336862,11.533964292182088,0.4849705715487389,-0.6489766957930166,20.21010060672526,-2.89327162379604,11.771410714337886,3.9360298950895753,-0.7209824088857903,0.31666408985852235,2.8625152852868685,1.9055757229868082,-0.3639856676116355,7.3485914149066724,-1.0532588339200266,-1.6011314846740394,-1.9111610561823562,0.6376757170436799,1.6367380230720796,0.0017431843260893904,1.76365303292701,-1.2575395647174625,2.5921254790012958,1.1802700683096905,-0.6125920817517532,3.2314122181671836,0.672765248449533,2.0113723162288655,-1.8154334602769084,1.4641857459137768,2.1370892882960915,-0.4284059211650625,0.691722987635006,-3.9115730815944865,-1.1745004000869783,8.056206290626344,-3.268755046138877,-0.358272354222022,0.4925210378436709,3.049687115231521,-0.4332775072585643,-0.39457279586047,-0.6871103557052565,-0.0925354522251102,1.6644871957938143,0.8089553786446023,2.768020806073553,-1.063922140063996,-1.1154214953438035,1.1093244597682843,-0.6554978958376263,-2.247823099175807,-0.4713109838278608,1.3336974097303718,-1.3322992252760568,0.011287274210733432,1.5218658093285495,-1.1752933744052347,0.4362415687938913,3.4296465043481175,-0.7561251586030138,-1.7964863776766393,17.54323584039077,2.9823073262967656,0.2143500038300412,-1.3965604146140758,-2.9849274369416876,-0.34962098712004785,1.0271780161399555,1.5805936527620372,1.1967174637776274,2.6404296891743124,1.3927624236298515,-2.2608563672077158,2.5122215031135826,-1.4371531637949462,3.568195702335801,0.15952112602039445,-1.4493303616832236,-0.2710752298150638,-0.7658117469812843,-1.3760505640619414,3.2767406900582774,-1.6716211366601341,-1.7834564252933067,-0.032583637229768515,-3.4468097600836116,1.2388394277736952,1.1970807278233313,1.0772453305374503,-0.5874409238345376,2.606153243926322,0.2734912348232777,0.12808457735841916,-0.26931202117475683,0.30838182745321546,-0.734098096584845,-1.610066399512831,1.7747876287903506,2.7367655489099962,5.876025895024282,-2.2304436476917893,0.9910570971071456,0.19953512879999896,-0.25924625283643593,1.4798827399335417,3.723065577386742,0.3099034006923484,1.7668283399179745,0.8191677676399665,3.9898618039209253,-1.3534187342692987,3.708859808347159,0.9437394999640769,0.9635137727875202,5.138486496576876,-0.14959253685553162,3.419554758664355,-0.6791226489323156,3.4471941623619125,10.590888271451433,3.8337190972673465,4.029150586353765,0.03284152971140662,-0.28125135453705946,-0.43001790175114796,-0.3335103755221007,-0.2467052293708168,-0.1155102162593015,-1.1614753532586943,0.9880868470492359,1.8943988391020565,-0.8471446290147534,0.24824478444308726,1.0884042703231218,1.550727087539598,-2.441564987325124,0.9495437259150343,3.3099687180359414,8.423313648030136,-2.2789750975237753,-2.3895271282091644,0.3112026874977504,1.4884511887193161,1.371902548679103,4.069496120808699,0.35838174865240163,-0.4882507762018148,0.6488954450472127,3.5080196639993018,2.2725133779106823,4.403321591076821
C3L-01149,-0.8594637890605292,5.333174227593473,-0.9288275038762487,1.03782527526039,-0.3989629437853999,0.7192565909225139,3.4685264451121554,4.918760628983422,3.565400711579557,-0.0365280479880514,-1.3817022182120227,-3.5993184851649818,4.35859774265605,-3.092800266124648,1.2190542775128128,-0.2301855520946614,2.0245948088874304,-1.8511733169202373,-0.3528314149316269,6.907255009343844,11.508467239791802,1.653523919150351,0.047469439122775035,24.61967130675385,-3.98601055140308,10.437255151851872,2.9176760105442794,-1.061220829257823,-0.6571665195984737,1.5168744928465885,1.353414518389935,-1.479218309289402,5.6767791783469645,-1.5771415438453913,-1.7168562002140013,-1.4376125697655413,-0.3800561273802177,0.14403002754652836,-0.9362036721938455,2.451716924071047,-1.4816675843240872,-0.7480437000923904,2.344309563817493,-1.0548144327080873,1.9317336680258232,0.049511383924122666,1.5893149600515373,-1.8792230360968252,1.9486115835246725,1.7025187823216512,0.8493729863278329,0.049250728057970844,-2.5505802137200573,-1.4361136696966486,5.462234080558555,-3.1280408481864796,-1.2337069154670846,-0.037153281113221026,2.884200883131458,-1.3837412923281738,-1.9047159187445648,-0.6983611903413515,0.47310535452453967,1.5390686676158976,1.3807546616694808,0.6226064683608827,-0.05838054794606697,0.14823280820186086,1.0929096721326361,0.015007869360854565,-1.4037555772574764,0.07380906255634435,0.32336425776817085,-1.3572713826689584,-0.5462108578291877,1.5392215966157847,-0.9764913152493396,1.3880873751979035,4.760762082342448,-1.494660669472587,-0.9711556018011753,16.403246841491473,3.184741658202528,0.27350807371012686,-1.390050821749056,-1.5959916534026637,-0.6882973811363845,0.3099325537131932,-0.13198622327144272,0.5634979814143359,2.9083271042588614,1.1192197400254262,-1.6949044968662945,1.3358362414525682,-1.2492431275869103,3.888104350830168,0.9454943940604795,-1.4504271518357628,-0.9065440612162095,-0.5517837698712743,-1.1043854272681033,3.2860244666962615,-0.9075133869797377,-2.1373545191945555,0.49007713767672656,-2.410662568534746,0.4805604183902179,-0.05610408523991099,0.1522170974168423,-0.424183422797758,1.6974625860558268,0.4048027842812764,-1.348153883539764,-1.523959832611618,-0.47139123389435633,-1.2468719407148374,-0.9957961783648932,0.8094735309229535,1.3246024992760208,2.347892670965914,-1.434608054231879,-1.4382797995358207,0.4900194694214292,0.20801307764333965,0.4495821165372475,0.9657984155780807,-0.32852735180216036,0.9871280807886398,-1.0428772869012388,4.532704197470585,-0.6892160410154528,1.5078776672819258,-0.34265410589741985,0.9865594354302764,0.1544288704213291,-0.8416198190168884,3.067818549591473,0.43909543799495687,1.1365376975325618,6.540872294771484,1.0472896463527648,1.2373738029402432,-0.20176787079784328,0.07828758292883269,-1.2234026793670494,0.7533043770869213,0.03597738203365816,0.1033549427973014,-0.8177534616302011,1.1842034961441872,1.97399316474613,0.12299709122394045,-1.267925042532034,1.2446535974289281,2.0561387772442545,-0.7262494598529045,2.1031919351968082,2.691781193337992,6.162701153131521,-1.7134906919084216,-1.7144882394347385,1.6889994369208114,0.15244047537252786,1.292157321649442,2.663795964469327,0.4756908503666887,-1.7931817034170119,1.5050069014564982,4.068174387187794,1.4899624487575416,4.66985590435617
C3L-01154,-1.3520413501524544,6.297709868639703,-1.4430900582739805,0.5971718870617464,-0.3714628377503348,0.45718279544606966,3.6473693760214094,5.900938465263338,4.596948220469607,-0.300628047720711,-0.719403187504204,-3.862593597966392,4.990630944811106,-2.4273838238869767,1.8168368648588284,0.7740153162749122,1.586877762865044,-2.321797860918228,0.39846588713588416,4.873129290618879,11.497435901343557,-0.170750770682017,-0.9331254211709107,20.268691959490823,-2.856882386210405,10.815858399145748,3.5984814179837805,-1.0355107042724983,0.12332916546221613,2.033397601585699,1.7669748022012628,-0.6249762754872554,7.485601812012168,-1.514568180985156,-1.8783988876142226,-1.435792474681579,-0.1941408233614877,0.6756996720608432,0.47022224182926103,1.883672286898113,-0.8657655406689416,-0.5653045110942172,1.1287408616065067,-2.174493708932443,3.4466632331276545,1.8962686624966516,2.632251590678503,-1.91079994167161,1.017189007899345,1.9092623074532413,-1.2679976269709061,1.1641043647520457,-3.749099635446261,-1.1555160200567245,7.347229307982517,-3.205282209677773,0.6136102752668615,-0.217361602375516,2.360025753453662,0.1891520023359877,0.14424750659130137,-0.36305126038151353,0.013251798654757108,1.7984652430569261,1.7278378225842221,1.3684047285953078,0.4450313519510211,-1.738635737836716,0.06917544872550076,-1.0605837107882856,-1.2537234019546186,-0.6214318359325446,1.0910173809687018,-1.6869893264972573,0.43468103406852954,1.4082806430457016,-1.2122313698794518,0.4638375603074502,4.867698368908926,-0.2944269714842794,-2.927964164468574,16.821630749981388,3.095947779766167,0.8139514549070987,-1.0151926366696464,-2.5734689643485407,-0.043793517107437,0.7401343500488511,0.6819381366100928,1.553585432191324,3.0244168123147825,1.0240145762098634,-2.3097564349042345,2.38658283387999,-1.7751791312542493,3.5980743478056105,0.6838779103595444,-1.4956902724799843,-0.8814814171894005,-0.4378830025611697,-1.2843250065664347,3.4646409219646355,-1.5437478953448842,-2.3009901272559907,0.28139989000553733,-2.0255874358646397,0.9322598157064816,0.7383385748359791,1.4543001839080998,-0.7786466425801052,1.6691617672852022,-0.3221910466480612,0.6121458515945153,-0.18193146984764963,0.6476679795919401,-0.35460383324409994,-1.7306667053652758,1.2896918513001436,2.040244736068934,5.517589856833252,-1.7634856205906173,0.5596842025469233,0.11922381560129763,-0.10952168145823561,1.8762668394355322,2.4076600136302586,-0.1856374750858527,1.1956223283728795,1.4666869575787163,2.9356729742596706,-1.5163369425141726,2.4062624250400586,0.08938047515764237,0.8023215999577293,4.000456652186242,-0.16751019467957015,3.499064994774535,-0.9369249654752932,3.287994120034442,9.884403662138116,5.613475792309366,3.898814101390243,-0.03833561597910099,-1.081737229038611,-1.1736910670960823,-0.11829396922452207,0.2231237095886654,-0.24663449381661662,-1.695542524996636,1.2004983479186542,2.297869223118556,-0.18960305014606987,-0.5248729716501155,0.5433669105016038,2.198438760631923,-1.979448203176314,0.07013916939934033,3.2120605070139825,6.721450642743527,-2.274103409424851,-2.3403805074048862,0.7341126374993711,2.3184895647622943,0.30541779067268365,3.6770448511731018,-0.35594413922223417,-0.441413747593722,1.4509767887062939,3.7303492070618276,2.4813200266096866,3.2042794603026103
C3L-01155,-0.7601923029916445,6.053569797656974,-2.1318099047597987,0.20748584464557415,-0.5322777679377055,0.9594276494742547,3.3747514691212666,5.639857584282754,4.507830617659548,-0.07377876490778786,-1.1749439752704123,-3.4560392241146127,4.92315063872785,-2.7395401718286307,2.013548671135537,1.12010061025253,1.8367120721142058,-1.838253762640859,0.23392174142132235,4.737686694372059,10.25870271144994,-1.1352769607506583,-0.6908547482544658,17.599195612214135,-2.742012815381532,12.514407815436053,3.536152990774851,-0.5145169487690123,0.026632488169403813,2.4522071834651196,2.162856953254953,-0.44652117088752885,7.437899778107443,-1.266965660970326,-1.8534367672352685,-1.3023474865306608,0.1306511598952078,1.1995084011632071,0.37908571036666755,1.7757728967454531,-0.7538202674178268,0.4499744557976413,1.3472626230306588,-1.0398131501646803,3.0521379996818947,1.4444148965481332,2.291619652206615,-2.0327393996360414,1.8027625807723455,1.8415909354824704,-0.9434222490040686,0.5827993283652614,-3.562842634225983,-1.0187509331863502,7.086367180219701,-3.314867501435041,0.13323375783198327,0.18605093138809525,1.7722247299344296,0.46892357599991913,-0.09035548177762075,-0.34231951262986615,-0.13110322751701947,1.531155107742378,2.1372500325214356,1.7361540080109774,-0.10114810757933647,-1.4867849232915418,0.2943301456063362,-0.32074813284227477,-1.4726872672996871,-0.8317845953758624,0.7546165321441599,-1.4650164091572633,0.09228725213222615,1.5970266678235636,-0.8741543839710715,0.4748437881944689,4.490976263540796,-0.4781658771286525,-2.6852268992235344,15.93380525460972,3.441734693292834,0.980053944319933,-1.0549033756933432,-2.4256517457130413,-0.6253059713513258,1.375515366330274,0.6872561299115264,1.4778962763689676,2.8475177717868236,1.1296405411643475,-2.436942002725976,2.579904145500249,-1.7245838304533632,3.711270392553471,0.5030873490959071,-0.9764995980363806,-1.1750660793453116,-0.7051232243299762,-1.0172710932289233,3.2798682260766516,-1.4165734461950517,-2.2019611480316597,0.42175151933131577,-1.3713295826209786,0.7979089291676162,0.9978425534814465,1.4562846704589916,-1.4768506416798264,1.4505972963981963,0.48754732990714084,0.43038964586904405,-0.15945606973494486,0.14702038246815646,-0.4131986455309043,-1.7132093279721032,2.0165996498204484,2.47878937544774,6.671326406080812,-1.4084012629975766,-0.09724516074482482,-0.19674624655740847,0.06290780218648011,1.7837962320774752,2.9892230009052723,-0.8129034015966347,1.5128086949911705,1.8041696517153698,2.7783073585969476,-1.050283010647629,2.248592942531978,0.025141031987052965,0.9679549727887045,4.466816270759517,0.11075058392038255,3.2376078474508425,-0.7007866394782076,3.0483987971537574,10.347600932138938,6.094689105193093,2.761356316880913,-0.44173913855076485,-0.6288354008770978,-0.8334665753038167,-0.1542160269645178,-0.15082192406183034,-0.10956458176516398,-1.3362932323554395,0.9432433023268495,2.470534537374135,-0.1860466999937483,-1.0140193919437492,0.851152172508882,1.9884279270411858,-2.0845467747220052,-0.5952846852236816,3.2757535752044893,6.437021369336425,-2.3950429069693953,-2.527985237041742,0.7218641932582727,1.8937050635659445,0.4859994214688092,3.5860380102531364,0.022900540497744756,0.13779508347876318,1.312107577249293,3.48828512285322,2.2725453662568538,4.697760820531741
C3L-01156,-0.7197031982123951,6.372904128580716,-2.1709382849838206,0.8096582221356255,-0.4634039248699748,1.1259299184339195,3.139191722776827,5.769065680616586,4.633780205851708,-0.3015820978226269,-1.2186684076992271,-3.5276005791394427,4.345634242561171,-3.352644996888632,2.721965270149551,0.39933023735601897,2.051580694212284,-2.034944209897694,0.29270569672974767,5.13245872515471,10.841046480378207,-0.47955318961912824,-0.818872796145561,19.59688592194805,-2.8407294381082746,11.308705076904884,3.6358367441363444,-1.3454176485697138,-0.6058257758667457,1.7941423776849876,2.110181687907037,-0.6722544894292818,6.3278846503368555,-2.144149685345428,-1.4588511955116843,-1.9105702680021583,-0.1355680925809517,0.8405043467957061,0.09684488058045711,2.76217753672634,-0.7047371921332551,-0.5363801889523423,1.8746867744679319,-1.2419516092573202,3.96137462776278,1.4204447244926393,2.703851847467202,-2.0612237902023525,1.4809755152357407,2.4006512680135503,-0.3215117988830127,1.4647723715409968,-4.080623000385968,-1.0402972780521842,6.503218864624517,-3.1210697715221225,0.16385448335040315,-0.11004539854035443,2.0059203372648953,0.19637369352522255,-0.2363472412033353,-0.844052064636416,-0.5461188433524996,1.6786320550102825,0.998642133371384,1.5524554262664751,0.6010937372914038,-2.0708817979798253,0.11539358629918778,-1.2540212189563908,-1.8634663605298956,-0.5145044347408957,0.798927981504562,-1.6712109773904502,0.7293761276758869,1.3606029199169682,-0.8459650736853876,0.15947083404116588,5.083187280702605,-0.5203646772626969,-2.83704700672247,16.138771170335342,3.3462585732945525,0.6804038470229573,-0.9689263425800931,-2.2875460017082263,-0.24314557223296623,1.066591377419891,0.3606835369088149,1.3856505884726564,3.061870026844143,1.2429359275059444,-2.259125986198734,2.727352958810199,-1.3364205983297257,3.6089758998132595,0.12473077065914545,-0.8489234535158788,-1.2279324923646395,-0.5577266616326928,-0.9398682901658592,3.439285559339616,-1.4988961971646537,-2.251195354338379,0.029509615537298178,-1.0594525549388563,1.0213259000267725,0.7156767301472398,1.5390748280410453,-1.4784347609648727,1.8574529931023611,-0.8644113543349198,0.376166830839162,0.023311916684221865,-0.04689423816408742,-0.8785212300219807,-1.5731216619466937,1.983521384713455,2.1902906575647143,6.357537232974907,-1.557664209230821,0.8355984661687377,0.005028256857885712,-0.13875281444467516,1.361611282763984,1.9226990028499071,-0.35858222834008896,0.8140652313897174,3.1444478672017935,3.2530325580133503,-1.3809529049280485,2.4158745522979066,-0.09645207804408984,0.9709051821156941,4.0869599667302285,-0.6469830324392508,3.013785418239129,-1.0707134289891425,2.7433312108319323,9.641245776144734,3.782466901772633,2.63972356120288,-0.4058177172568356,-0.5780662041652488,-1.2050153402721724,0.2859825137235498,0.010682422713070003,-0.4596176475920286,-1.3289082161751824,0.9602587724443515,2.5440239572748955,0.13964784640444416,-1.2613952066870107,0.7988243557778361,1.9112190793772839,-2.388153474512198,0.1782304625685078,3.074177728792405,5.803531833074099,-2.651194267660494,-1.967497184351462,1.081037942189246,2.761271059327998,-0.607184246948807,3.6351997531738904,-0.4827434037740906,-0.19965036564397431,1.0871764394127028,3.6791492616943366,2.163951123183702,3.2301183462077376
C3L-01157,-0.9787773020111699,6.015479896306989,-1.7873770245501244,0.8239320764706258,-1.374937421316847,1.5686659249361463,3.5058949076538326,5.832859250069848,4.762871355291163,-0.15220392309206635,-1.4176655179045958,-3.7357259658252437,5.281069432906167,-3.0776535390232844,2.772533419051974,-0.2395081886246376,2.195179205244346,-1.3579304260976262,0.6619269390675881,6.4434281568571405,10.036198014683473,-1.2734851974261188,-0.6594729726317502,15.769851051178746,-2.2776915161854414,11.34415767863914,3.558893386116254,-1.9385253582295179,-0.7574869849247616,1.855359933646925,1.840539688602643,-0.5360182389000818,5.913741869288941,-1.7606005738673505,-1.079305616491646,-1.623381946457956,-0.06664704601697437,0.5800687643075237,0.28862386452311606,2.8256236157375327,-1.1010808704076873,-0.02761067196142053,0.315353445210429,-1.01152583795103,3.1881580244028185,1.3881494558258698,1.939220147410015,-1.962665754122646,1.7558628266627865,2.805718200490348,-0.3912509024526855,1.4109752318402486,-1.7438435082366524,-1.4525788625312492,6.899449391758692,-3.3209212681646076,-0.12143586304506998,0.06024659249008989,2.237185810956838,0.15584239205799846,-0.18310269620353636,-1.1267426869583903,-0.005597582074978035,2.2056632005317702,1.0484836373397213,1.8693332579775122,0.3234853143387257,-2.337988178338792,0.3653685573061129,-1.4797747508053811,-1.306115542078093,-0.7316497184731019,0.8934677048587404,-1.1274879993099607,0.23010753507123397,1.4028345447550177,-0.9504727164618496,0.320195809472551,4.785817169099424,-0.4826819887091604,-2.375522404345481,15.381977168446333,2.3821108835484233,0.8421103528939079,-1.0750783321453878,-2.1405630404706897,-0.12354072580488698,1.0092637816205121,0.9656708953913411,0.9044393355897772,2.962156115859963,1.0611826056514746,-2.2018906889993373,2.601618165925967,-1.3540064017531543,3.49739373262916,0.268304626664479,-0.8759711705059946,-0.976053409397037,-0.4618837113810139,-1.2317802563017994,3.4599166455141113,-0.9776513743722562,-1.6912962166181678,-0.14234356901725823,-2.2422487946845067,0.4314325325315967,1.185194038671034,1.2496303833099311,-1.5282325875585088,1.6999195032791958,0.823883655852003,1.0978671125833404,-0.2088773052989946,-0.1822261107500624,-0.947481720775757,-1.2545615789654796,2.354261087252215,2.625549370786797,7.833177703296255,-1.440229492954991,0.09340403386161808,0.4901663533903504,0.07049920052781379,1.351646250348005,2.813581489126258,0.3238016112071236,1.0569682495619352,1.838055028882995,5.3279618464435465,-1.5203650290949795,3.2681761437364147,-0.42847821290630994,0.6663566055479725,5.057500366722496,-0.10492146186943875,3.153380676202657,-1.0365050798826663,2.751614670121086,10.286013392795496,3.7501116072760836,3.2080658955474672,-0.6659535864424099,-0.9617711846826854,-0.24716450160293246,-0.15685566915916063,-0.21793011129478165,-0.15415091098531494,-0.5417616643285493,0.6696795621129585,2.0709420106848597,-0.17762785414569085,-0.8046656941907578,0.8973916692987376,1.4974674434852737,-2.1178019735856486,-1.1368767354845564,3.014286282845078,6.64091742226742,-1.7563191892182919,-2.1419024029143143,1.9071215011894154,1.994801558981287,0.6978846493979486,3.184334155514869,0.02138794516444823,-0.2992498434706832,0.5536723076092964,3.408002263215503,2.1370088958854185,4.86230283216452
C3L-01327,-0.42040109897319955,6.069566910652953,-2.3599276838397953,0.8914855337667087,0.2770885035083115,1.0934274820710481,3.6811766583604446,5.676485017155655,4.1070174945164615,-0.015741012262047997,-1.448097971648839,-3.4395045826657644,4.72850968123792,-2.084714266476859,1.7609455811607844,0.3231273836001872,1.959339720402666,-2.233373600082144,-0.1406751624195523,4.745927218190393,11.560230643488781,-0.6508370691364571,-0.8707229965792762,19.57283412715806,-2.851952779119767,10.758302295891571,4.151113366041837,-1.4553079644844231,-0.34044632795257435,1.6342487586924561,1.527475386757258,-0.6398791725185095,6.612114340981157,-1.5711100232618194,-2.0011255033835496,-1.7833197858093441,-0.10517891989010338,0.6027940443630859,0.02377889568877045,2.740528006969987,-0.8830507732218783,0.2706283875234933,1.7148497733684094,-0.7814511053435758,3.449562274260518,1.5670025417244355,2.6601193901870177,-0.9042404822620363,1.954627414425001,2.347359206297282,-1.0046698567113799,0.35185065641347857,-3.820523515119939,-1.2359485406446433,6.704004925304089,-3.3200199485277335,-0.191367483436293,-0.06617725950851241,3.187432778150926,0.08823540686825959,0.002250506576209856,-0.5854389402671235,-0.5035608229942908,1.8693143941342274,1.6188930514744337,1.8784171953906752,0.22056783836069152,-1.541331818569874,-0.06175646724256243,-1.2909678927839492,-0.7651869190804257,-0.7899367071545278,0.7676670546822905,-1.5251645060304937,0.7847556495630696,1.204065085700446,-0.588626039320181,-0.15840412401069015,4.606987740686388,-0.7245974307743023,-2.9172135869693494,16.32868547169281,3.3739203914614304,0.8847273359789731,-0.4059291977974454,-2.7055586693094993,-0.5704850422178559,0.47603017689278226,0.875886668323299,1.4106258907405,3.000250203731931,1.3915197481684543,-2.9117207447842235,2.7342475615697657,-1.5995734814570632,3.7456983575743257,0.25301371046259585,-1.5040404866290362,-1.1322922551164205,-0.4591780689759601,-1.3823181445176063,3.425865962351319,-1.3035112609210655,-2.3287985124025643,0.2882743992298598,-1.326731741707562,0.9811553103822981,0.8164711880251205,1.6870718166452205,-1.2786683266751109,2.006382665978092,-1.0349195058470257,-0.11100690119251987,0.07180849548925326,-0.05166542318449257,-0.9108681531383388,-1.6154326923752604,1.5232765210674086,2.0680339524729443,6.180696323191433,-1.9144674510984485,0.4206640190787602,-0.03325988149852954,-0.27405897992834954,1.4976613778891503,1.9892864999903883,-0.19257298561548816,1.2814105296930383,1.7535570128346514,2.7314102728915355,-1.4590513098238234,2.3446724919105204,0.0285384950570625,0.9838710707197069,4.09616680632616,0.027622109874579456,3.209417759359449,-0.629081398422232,2.953307213132788,10.306377110153358,5.104280698382643,3.3559562224185036,-0.6071468128883543,-0.8672765695182603,-0.8722941985324149,-0.03219430374292078,0.38762764219428375,-0.5269713327312905,-1.570726564316772,0.8266258143714654,2.5204639780167444,0.3068312499601428,-0.8295677680921333,0.7817819201210479,1.6743912781019896,-3.0676071126932043,-0.01807726943325348,3.2411297972286905,6.305714064755715,-2.3178493423230786,-1.9748903638354662,0.7222318093258601,2.2912415749014374,-0.11357164810956326,3.6858583411225556,-0.5691355922628051,-0.24169694341012482,1.1778087958405532,3.889548471007523,1.936532434902886,1.466398364990469
C3L-01834,-0.7378489645715646,6.087242259252784,-2.752702110127487,0.8493358073849245,0.5168337137051949,1.1167223496440355,2.961545327547764,5.5157470908382304,5.570470686222037,-0.6149066111619923,-2.021183851497869,-3.09985428995024,5.5762385443704,-2.232063900763351,3.801649802420222,1.407563082061468,2.832725403144011,-1.483611760296623,0.34721921315282167,4.299307306818625,10.239517890525214,-2.3291996736921154,-0.2290012490182189,14.581152338027088,-2.130524753408253,7.9380909980860075,5.7075853417312405,-2.2055579106596546,-1.3128440853891097,0.9796327578147358,2.3177320448587713,-0.04868023627204884,5.640490976991514,-2.3746797836951514,-1.4042867072087686,-1.1141375433515786,0.6560834397925854,1.1590152996130083,0.22536766563384153,3.08978876308715,-0.4827516583305937,2.090317108012506,0.059684609982597614,0.752842951988058,3.593642051572267,0.8398902089618768,2.450584036777293,-1.2801400346033494,2.125202992322951,1.6690847845141343,-0.9467410998061708,1.1437213570996394,-4.5513107983434615,-1.111551982683063,6.3643373585549226,-3.1525025005046228,0.9888544440374522,-0.39759264928049726,3.5836263175609773,-0.23144274575687146,-0.3156739153059997,-1.2280795986416748,-0.7402427197025184,1.7568874180140006,0.9577856911438675,1.688290682767522,0.397512196588656,-2.476263475245845,1.1967168411228741,-2.0524419822640643,-1.3031691034552666,-2.1729683992488624,0.9444179792644627,-1.2716956490996365,0.23525618675095838,1.1507097625586644,-0.5466179901212848,-0.33012308714320177,5.483262953765325,-0.22075155900009943,-2.8667756187174938,15.404522823895611,1.8227228043533374,1.6750760500622852,-0.9255222754229668,-2.473393346348886,0.22799231380183219,0.6761188286757354,1.5491238142164305,0.05436579508274267,2.8274027001809743,1.4970775713398186,-1.8972801413215743,2.813921289525507,-1.8540895360948941,3.5058112011918796,-0.23727410310964248,-0.09035769049576269,-0.9927441208260366,-1.0681762157984696,-1.384739107549697,3.0739521137356527,-1.6394141796673665,-2.8703368777141476,0.2499421779693039,-1.386040943822244,1.582329487127296,1.464391973059698,0.8390642814529058,-1.0828740199828566,2.6777183143939762,-1.4657038379187899,-0.3245502410446069,-0.6476762246716768,0.09985004828539588,0.24893941175410858,-0.8697306432574492,1.6246695411724488,1.3288948639122806,8.204866391799916,-0.8103085038182714,-0.3793701561075541,0.26803600172907865,0.011055899576068267,1.390496700824418,0.692174905897449,1.0172283744166055,0.7855533162937316,4.2058072259287105,3.0713953174085256,-2.010074943769356,3.404604192150526,-0.7679634988760775,1.0159100064136075,7.6825947105919035,0.6793576335370507,3.6860109996428383,-1.4710836187925873,3.1515654512747218,11.651686530248284,3.081818752272412,3.2858958690697464,-0.5072878971582333,-1.5221577055399276,0.07466760350379037,-0.38514795399147356,-0.5862937069204054,-0.38980558319729025,-1.2776635230440823,0.8808831291202068,1.6708378247290803,-0.5614984744824333,-1.2326438984529755,1.2666277447138032,1.1130166411508682,-3.6618302830038023,-0.7725771315844066,2.8270838337153292,6.630702528340713,-3.263015747918442,-1.2756785440217877,0.45913233291712996,2.157949307236843,0.42006428239164284,3.6472286214616343,-0.7771685886688093,-0.7874771391600415,0.9493511835698396,4.1179070277842795,2.3625497937245257,1.0602797928022667
C3L-01887,-0.7240425666245227,5.65474713001968,-2.2315474288761474,0.8888823196653186,-0.32927086608053635,0.5632615749797628,2.7216486350613627,5.737901056415258,4.0591083276330835,-0.2127475840150186,-1.1312916080360147,-3.5584551613208992,4.675620970409585,-3.4522112891494725,2.234175497584737,-0.17876060534843638,1.8500602679503715,-1.5929039534977263,0.4921021337829276,4.895079013386623,11.086400790105175,-0.7355285768689488,-0.7577058862684382,19.74552720898075,-2.544864654473428,11.178959077844345,3.53079630219996,-1.6064235379339538,-0.18774450413791238,1.4493366085686934,1.8056477361214356,-1.374567807515603,5.904967407496938,-1.5387110699994948,-0.8194793277386229,-2.472006300746417,-0.3458035416954972,0.6997290706988506,0.5856911637729382,3.2236170842753635,-1.0648551610263137,-1.7248462164550284,2.7985342737073653,-1.1942978184840078,3.5872527031165484,1.22320188079112,2.9058627738917577,-1.2134951179544107,1.7856420924164187,2.438385337987306,-0.4338203096027754,0.9985031650803554,-3.535390633495848,-1.5350855403370331,6.19399813752944,-2.924797191648862,-0.39240796346804363,-0.1797611339616961,2.1650941587427903,1.8676530798055544,0.5000358703805393,-0.4077274186750932,-0.3776489756304668,1.381256411125983,2.5764108575326468,1.5776562220312849,0.0578092091414809,-1.4845046987250172,-0.07622846689934826,-0.7635343162392548,-0.7599523397830118,-0.41939935856045907,0.8587611235172062,-1.4235338267175175,0.8576550003439253,1.3608543887297937,-1.1113781563603415,0.6270235664191193,4.49217905371188,-0.742473464588246,-3.1071150786388317,17.062701301887518,3.5969532803682975,1.0006049014583993,-0.5158197474808335,-2.1898749930736665,-0.507288146929428,0.8021453186007753,0.5334467616437404,0.6513455718081101,3.13487123523547,1.1343407137718944,-2.46488607551122,2.3622359459929294,-1.7554374707037022,3.683383060863953,0.004241201036392032,-1.0439189485922977,-1.274219603710291,-0.24521425500392716,-1.077360818965883,3.37482026806512,-1.398066684104919,-2.1269219589880963,0.1241544620428701,-0.9535042797856376,0.45569505998509674,0.6411130590228211,1.4308173740832262,-1.4857527851078425,1.0410003078235746,-0.8224708116507533,0.034263623011515185,0.04679739560427435,-0.4097366921745674,-1.0960766148093763,-1.3055195475376975,1.309145739468307,1.9738512066440623,6.327451472198223,-2.2966780500341284,0.24117190030667587,-0.6046711310550758,-0.16445827163169457,1.3283133406061605,1.701019547941509,-0.7283691161876279,0.9867075932411852,3.1678525573938,3.6338501506770227,-1.3264614240206911,1.9301135899706798,-0.4755598499659869,1.0583341367143027,3.187050246412407,-0.2087953414788495,3.1816333893264988,-0.14585070197309088,2.3764938992305873,10.322234592264289,6.8127995865894615,1.8263195403338135,-0.3355233717565783,-0.6841713223112561,-1.4331864247067148,0.47391860437234423,0.44074867461380696,-0.1874973932191416,-1.3079074251018814,0.7555568145275282,2.326012443705172,0.5103708341100399,-1.5983980374707236,0.764808271008465,2.049888700417028,-2.6444002447163406,-0.09394735999944934,3.0376371308359995,5.847903407893628,-1.9738790311970194,-2.0715229770146157,1.0272116297667797,2.1556784932849613,-0.3107195637137399,3.755893150051213,-0.42128685625532636,-0.7010915059070804,1.4165442487533808,3.9262637497057007,1.754478477439305,3.3101872020440783
C3L-02041,-0.4405608495923581,6.251445905036517,-2.815379038943515,0.876162652490157,-0.07140182392658409,0.3856337155002227,2.6499118155212877,5.724108527738339,4.073928850537884,-0.25086061676313315,-1.6841159312863565,-3.8552626694087593,4.61976927848902,-4.144314915938888,3.268731566617044,0.6593193534307238,2.219343694389995,-2.0525691792648795,0.19919995799957413,5.005015024423367,9.944297842932192,-2.3740118898021705,0.2766286239611733,14.953596567684857,-1.8685179047954545,9.693862408584463,3.699670533181431,-2.011571958624039,-1.0878483019887961,0.7430087131330936,2.2469744149840865,-0.7413201150111617,6.836522329301593,-1.4563608203571838,-0.7537776422035699,-2.052943957823441,0.32147826865433865,0.4735841006091307,-0.18518259668712908,3.5494334837998185,-0.41750737469518645,0.616289387078096,-0.33607269962775327,-0.05968150402659129,4.328229284364712,0.7222426576768245,3.057627347009257,-1.2335149241518049,2.1440656587829685,1.9608897247094492,-1.4277012190842182,0.911565647916358,-3.414414417462485,-0.36806554210162407,6.361318669095088,-3.1770012958945544,-0.40911341212628044,0.34089761131802865,1.9681037444002547,0.8781651468794632,0.22961457958937234,-1.050653543424094,-0.06792944016815188,1.5760730981006135,0.7132804260981976,1.2300566426100206,0.11215282297171886,-1.3057882425668712,0.4781660042014382,-1.9475375366530385,-1.3701858542820766,-1.6019783522238842,1.4925201267451311,-1.7078225036411563,0.4590307595160794,1.2581408311514757,-1.0030467723606198,-0.03125984176552187,4.394296869753939,0.11425223819463187,-3.2852658597674473,16.100628342986997,1.1493983467471227,0.9956338519880077,-1.2162395031645663,-1.8518093784936467,-0.0956336495731244,0.8397971379665504,1.1419350423047645,0.318668821160788,2.757133260660122,1.5013209203669435,-2.0353091851392513,2.346496581809188,-1.7426613367753616,3.8106076119648713,0.21894227360961255,-1.023120059070479,-1.0801790170148609,-0.4680801892613151,-0.670703334210857,3.1617408670299887,-1.3361044704934992,-2.6014533722779056,-0.20398915332146092,-1.1759035955111836,1.1842789170940302,1.4928207222658436,1.1928994366582966,-1.5352662688561636,1.6308166767529855,-1.5710861185352618,-0.4275516359601108,-0.5131499037295523,-0.9672013309976345,-0.41626280717661407,-0.6706327805522863,1.620907758665446,1.8599483349238204,10.774853292539007,-1.422232346457967,-0.17821736490812726,0.6050473286136839,-0.25371170920809044,1.397158422608613,1.6107149379409482,0.8328371919751326,1.4984771017768073,2.637254046591428,4.431341714163871,-2.1275180830606284,2.4131261731672526,-0.7870888596048616,0.6671690218515606,6.32352966469287,0.05356110041128959,2.7566019324009803,-1.1628307088267713,2.6991156431256864,11.152110782116928,3.2711297091681066,3.3158898415533877,0.2516413314564897,-1.5284641004045256,0.290154640362329,-0.17892839610776942,-0.7402718061522605,0.029665195377817186,-1.0531490611240972,1.495740079842282,2.0737893926850393,-0.7680472018240071,-0.7549044498589796,0.7004259171810416,0.8470280905458515,-2.838586449987445,-1.3889152748134395,2.8436104835567124,6.1077066349339235,-3.2313740632772507,-1.8172507466435457,1.7473844784086678,2.685116370686324,-0.01602552081104647,3.814494137711425,0.2780533829616839,-1.3758714861980046,0.6895389818862786,3.754075222301408,2.356192689162534,1.4140096418749273
C3L-02465,-0.9336164011545987,7.101448333014998,-1.9360447390111033,0.7318084192869007,-0.5352775260334872,0.22314605847596442,3.6534805302867457,6.526570663286406,4.665302019598812,-0.29611047864241113,-1.074051533498711,-3.6073558630986415,5.482654844732462,-2.709984264385551,2.699887965254016,-1.1622376739330202,2.11232947131959,-1.7718253078334218,-0.10950679327287999,2.6469313947352178,10.751715091880655,-1.3407241730094408,0.027341523520281463,18.401012996585663,-2.0586615828952675,11.443163682501291,4.792978778690256,-1.808372898259915,-0.7640141121276005,1.9271790313765718,2.002945115434197,-0.05493921490215426,8.939177863590706,-0.6635790111641703,-2.699612166429844,-1.7956294198486966,0.7692028777294236,2.3936144974999256,-0.7784378471265389,3.191262536887885,-0.9979407886320545,2.678125806131045,-0.4876203403987914,0.008394302227942267,4.303546277642811,1.6444128066036123,2.2099324300328878,0.21212458603709214,0.5697498022577825,2.438968452033082,-1.7405051496423596,-0.6938836450754065,-3.6206995261076296,-1.2649421106763024,7.822116649588227,-2.8771211825755847,0.7145268333409146,0.12149722502168268,4.228087008240227,0.49843485058426756,0.1179951650074041,0.29900741745220333,-0.009325152830058898,1.0952544839594276,1.7420683702284325,2.523353502114434,0.404936659770139,-1.089980545672514,1.0275128776527471,-1.4485449438375697,-1.570189476387584,-1.9247661969739875,1.649966767466447,-0.9423661909464357,0.21937907940005466,1.1813528207722999,-0.6403018728588312,-0.15380046980014642,2.761360511111048,-0.6007904601509703,-3.3424086326648927,16.593322404275394,2.313966229568992,1.2232167309881532,-0.7316630122768965,-2.8015409223541874,-0.08556988974285988,0.3274579114912552,2.8778067342606426,1.894738152154611,2.4722821273162174,1.5721715565518024,-2.466761566552834,2.6837080799665047,-1.6370266252700647,3.2062391508755823,1.1678947334165142,-2.0577061485508703,-0.5746333813084473,-0.9949427569008109,-1.0232147758750778,3.3421475726934147,-1.772857877289029,-2.026326677443975,0.17776201460788443,-2.970123490429952,1.3493973961404455,1.1945203754429259,0.8512908774060913,-1.4245125860791674,1.8466043459585648,-1.5038733916540459,0.32043495417937656,-0.4673297741773092,-0.06754763508675933,-0.3102775487727867,-1.1582369241907189,1.8768903629656633,2.7579533258977578,9.722079111038168,-1.4825683001325556,-0.7034889424889887,0.6070625295732461,-0.6042327888769278,1.3731985603976986,2.8421149112917057,1.2124363880438427,1.3217245964417355,0.6664238110009386,2.277939896760841,-2.11005534652146,4.198935625803069,0.7330024477011703,0.24742964027987643,7.317510144547024,0.3606936520818233,3.6029630881959043,-0.5189205841294031,4.157805243351988,13.190662355485841,6.103860331816816,4.824064155808917,-0.2104275921232734,-0.6971958378292299,-0.3530943687444483,-0.3469484237080817,-0.4472012267870767,-0.3703535929895953,-0.8367887241715879,1.397719752926626,1.710446583499644,-0.7567440955406264,0.04045391772969199,0.4983172991397792,1.020683817858485,-3.9831664514244354,-0.2522227703781827,3.3536199591532605,8.312518470051376,-3.196240700011235,-1.8118051006437441,1.1155589289460799,2.164638652862572,1.029349188830218,4.679964530063364,1.2804703575195555,-1.1719790232290916,-0.045372220594021864,3.6946656749898494,3.2405503825559974,1.9350843529455102
C3L-02504,-0.6225936574886644,5.851088716026498,-2.408962336008861,0.6829141075324334,0.022405442376595898,1.3264321345159285,4.436059410736457,6.184394399270394,4.484776526817074,-0.1333537716759556,-1.0085272977387778,-4.020043564164223,4.952054203496918,-3.370867624010057,2.806116855812454,0.9417704990286908,2.181069278912142,-2.527012192461579,0.35654288287931263,5.219692184325371,10.56697625296397,-1.0265809192654007,-0.4706671891807996,17.296089803203138,-2.5493508116523644,11.31134944372186,3.906262921569698,-0.20174606338649206,-0.8520406750333505,1.8542661461222045,2.1758904639685506,-0.7468514970042978,6.962640256217291,-1.8450747748166965,-1.6025634050754536,-2.105223925030609,-0.05416374509832001,1.3667182891521779,0.4561853751687811,2.3681028957301127,-0.3281251760196078,-0.42032820221827155,0.5529058643311782,-1.4496524069094405,2.900303452785208,1.3984209713647044,3.0662926425062658,-1.0720439739788266,1.556516542915266,1.7214112462339934,-1.253707375923339,0.8882891994123666,-3.9298143548663833,-1.267931388296109,7.8204308605739605,-3.0403104174477393,-0.5516092578723831,0.13204121289458978,2.7107333935781717,0.06159312241066421,-0.09297575731412779,-0.8479561139959957,-0.37870793590730406,2.0079806666939124,1.3660994454112607,0.8372950815299497,-0.650771905663563,-1.8804234960402453,0.6564630817974413,-1.3460789094995882,-1.6011215964841166,-0.6619975860192325,1.4951713012533592,-1.2866079117248497,0.5841556979578378,0.9930534764884666,-0.6512048031565151,-0.4449381253000644,4.774900716933595,-0.4979455545888413,-2.81799447114379,15.355329122124926,2.4222610676015095,0.8812218151083979,-0.6588795737115966,-2.2008508457342297,0.04735535588548026,0.7131375486073493,0.6621538399219972,1.6556817192783246,2.719959436192195,1.3343798746534519,-2.2033436453489235,2.724653904577506,-1.410709266405612,3.5462307303191056,0.12773419353830076,-1.1633668919819034,-1.2162634273394066,-0.4184203921126295,-0.9139729347415789,3.3475860381313285,-1.732064930015,-2.853304203161741,-0.09942496401045578,-1.1286104439503257,1.5918718257302131,1.2379125543660467,1.3776296748925567,-1.2802103403021619,1.9893150047985433,-0.7229188434317358,0.44497948392941017,0.09378816692455567,0.06722237652518198,-1.0318211124595718,-1.5911619467883165,1.780434427721083,1.7833909206475642,6.813451256275384,-1.5642315022276285,0.34438214684743473,0.45062659718992315,-0.19290797103028043,1.5375812096050567,2.3602641821373798,0.3738147286220567,0.6089069431913752,2.985645541423927,2.2392439608548083,-0.841295915983004,2.163373195602603,0.009504872953969281,0.9903963234620204,4.101204300016472,-0.6105698121399258,3.4884516040968903,-0.7414432790408321,3.7719022027335845,9.479430533402919,4.077982094471558,3.0014827289134804,-0.4903103233188931,-0.3603289131574216,-1.0887320308967772,-0.2937919131288393,-0.07002203996370113,-0.1512186266414022,-1.4890510564757813,1.1898652380080155,2.9157455615821517,-0.10358964167955195,-1.1046165201221718,1.0524901379379945,2.2465852722239776,-2.0912697335585317,-0.5866583497534329,3.185143813556585,6.705286372856523,-3.0944865676949664,-2.077144141902996,1.682280363205049,2.0482112058760404,0.214239821071551,3.8083494312766684,0.19492211513178445,-0.7551688962185836,0.41511643875923,3.555477694390401,2.1264639010859456,2.801025956289039
C3L-02542,-0.6770680704062085,6.4972737590142575,-1.5650852052076705,1.7089611044104356,-0.5013136173482492,1.0814966640408121,2.5699620528296196,5.662601152992504,4.571115178994781,-0.36458072646557504,-1.282283382603604,-3.642102547245435,4.042982854893622,-3.504439965627841,2.8650396486070457,-0.1762595646569427,1.5294738160963233,-1.6700234275120718,-0.4182718645924761,4.681694294109711,11.282471848313808,0.34890327761327633,-0.6669806891453672,21.94846036109309,-3.0067717317281524,10.056664363834185,3.9324282135121487,-1.453656172493348,-0.8566943130145456,1.320347331164896,1.717335183901012,-0.8682647365502225,6.146490219988851,-1.9858996180685469,-1.4457510222628311,-1.8643052796986486,-0.28794430355560663,1.7711277888389807,-0.32257872950089134,3.2047854211953104,-1.5182803632853343,-0.6353860269476543,2.068254631866134,-1.360578510823936,2.933111852953283,1.0102800257408229,3.4243811948967804,-1.7666895792142863,1.9480766711643862,2.1863693811858838,-0.3984889031664792,0.23676935826360945,-3.6783320660903427,-1.320805527331319,6.3547217886528555,-3.0991492424886617,-0.9333807525589345,0.23505271119075263,2.5454700833648665,0.47141488833537465,-0.6624772164885425,-0.052790594275826594,-0.5376350895270416,1.8674565615604526,2.195484752000221,2.2168917422344063,-0.8585018064300844,-1.9802354379530656,-0.23970635186869546,-1.1026447402572574,-1.1677649657414606,0.46110513571318545,0.9253346114681116,-1.477062320390705,1.3323663655662457,1.8322600378688012,-1.1733922801210672,0.06162256030210935,4.4466359553665935,-0.3544457965147619,-2.539029533742143,16.932432784934,3.425370209849741,-0.09149883917557812,-0.6999256925138077,-2.2823433563610274,-0.4434011616408561,1.255151057881758,0.5167205137027973,1.2712854679133947,2.9080041312580476,1.3556560202214034,-1.9586534402053322,1.7872458778273959,-1.050668946692503,3.7483883682257684,0.4335973294947885,-1.8154159113036432,-1.220786013312109,-0.33342321715813195,-1.4606937564012066,3.269270798305333,-1.3873124768842602,-1.0581634050014448,0.3353480081712911,-1.9121721883767535,0.7144230406033512,0.7059113191934843,1.3158261407147662,-1.2163824966203372,1.5267452148707625,-1.1223271331706697,0.13850823803197024,-0.472693016876732,0.19434239304310075,-1.1955011656307624,-1.6383764382867283,1.9046067597824086,2.411722291534602,6.429116479205272,-2.3416711418618754,0.6119106265764916,0.3133533235955899,-0.32639540915093285,1.2744750155832907,2.9018833460738134,-0.3249802721695067,0.7958106367780867,2.050440726039075,3.7000668574381916,-0.7882849760201377,2.8427179090437837,-0.031226644883598453,1.2834665855831215,2.8403968131600106,-0.2718875833657542,3.11101838384948,-0.5082008287601711,3.0198236853872062,9.819113523113224,4.819484745107193,2.305284369866424,-0.48082960796746355,-0.7453958568670679,-0.7691301283419363,0.025166210320239326,-0.28650140805328855,-0.04787683767619835,-1.4984529387014354,1.1887842295518918,2.4906032653610533,0.49708145593835856,-0.7965102155862349,1.20554351638092,1.2178360744092485,-3.155918560511641,0.8980427207017606,3.0718044511150806,6.196598776751933,-2.69048945159663,-2.514291806772891,1.2936216054609642,2.456551159258049,-0.25965374048951395,4.194733839827724,-0.1252822564574861,-2.285825250491382,1.161519276043996,3.8559844881806526,1.6852691587490993,2.029902462681753
C3L-02642,-1.157971247104177,5.544245785173992,-2.2388878351033363,0.7733293403252851,-0.8374595080639679,1.1505569473510286,3.110399928079671,5.5205360046802205,5.100241194741938,-0.19161182690592987,-0.7454047045494816,-3.7535415358627655,4.600021523938301,-3.046350693906282,2.3607626328969253,-0.7665561308670426,1.9898081080767995,-1.9227568528184031,0.13041220887867244,5.19083485254968,10.698928856713682,-1.4881877169183353,0.24828142514329973,17.224762091620335,-2.091928633934579,11.553456675900842,4.124590746931896,-1.27733208026876,-0.14170491192961993,1.8909991621901545,1.678825659265716,-0.7924581809807397,6.223082485613117,-1.5013647942251187,-1.7543592150395255,-1.4712843989617568,-0.20936431003275188,1.1762608310667066,-0.2005536767675116,3.179170147012812,-0.9941133581798949,0.09312325102249092,-0.25177955869626223,0.28647909401639476,3.533666515890952,1.3587615845025813,2.369109090761444,-1.6019909767620466,2.037999425711032,2.073786486203195,-1.4182082139127583,0.6946003898783528,-3.2298867580327424,-1.3962786635345645,7.274707514824152,-2.6810420319566175,0.5897479712902802,-0.15505298428445793,3.0327745940580657,0.5634487960054185,-0.36506302546983793,-0.8085409128890779,-0.43147729900718695,2.094180719994622,2.7533592489033296,1.5722408426025003,0.99413487692903,-2.1113582838183524,0.5180320380670705,-1.243635909020471,-1.1455082794486378,-1.9577984152740928,1.1176945354600774,-1.670425491147294,0.062858990361197,1.2575743241024833,-0.41444476417584136,-0.13544147969798506,4.580300162673491,-0.22667014687006018,-2.846512046973153,16.06933316806893,2.0992795602149146,1.2384296238069448,-0.8670635591713547,-2.2497487251081068,0.2558835751124937,0.318678389390753,0.864786557008366,0.7263897964283305,2.689859310043355,1.6384809407610146,-2.206743778173799,2.7911730755020234,-1.2282204667942191,3.782411809827528,0.12897870239249845,-1.555784616255864,-0.8823994897218521,-0.047207555354387115,-1.439295793667082,3.4554539842170517,-1.3332394569533534,-2.533584968419364,-0.3420407314778333,-1.2515093475830468,0.5837490560146448,0.835147650516167,1.2490271051317878,-1.4951941749435125,1.429628951111898,0.09921372142893346,-0.06182085394543959,-0.07506883640432019,-0.011979372496773433,-0.696382362577864,-1.0737902612927461,1.3519101668692413,2.0164694713850726,7.091899524528027,-1.5487318815870585,-0.9787233082130937,0.23927401260479472,0.17540347187481314,1.2072187669444712,1.658480996793318,0.19445958080718811,1.1834305174096906,2.2712422070615363,4.22931381480333,-2.2748914815691217,2.659329941332727,0.2494988951773,0.5719217313206609,4.607327338260597,0.3505957517469165,3.7249463815843558,-1.5652724130765017,2.2597590391724056,9.908244601036934,4.879854422160301,2.229269138395333,-0.1763303244152974,-1.0445322007307414,-0.46456650558825563,0.31102135378732243,-0.18550696063724717,-0.8396187615736703,-1.294838958563535,1.227468515740467,2.3357038825292125,-0.16497594551419772,-0.9743110388895053,0.4003308946116504,1.4088766725258755,-3.0949397529384903,-1.2066575935120922,3.1226318563537667,5.276315161020007,-2.8430371045905196,-1.7102411446454335,1.866001248061156,2.185032464196429,0.09452357805504857,3.5710713774730887,0.1253551404265275,-0.782994227096544,0.7039305808939331,3.7053547626855834,2.034828476304761,3.214580171317324
C3L-02704,-0.9828934175582547,6.42954322124112,-1.9389251195668091,0.8444656567144802,-0.580911779607558,1.7702711768362764,3.124678005583937,5.993227088731931,4.825394517560515,-0.6138032588930662,-0.9691433922518581,-3.738939167705829,4.417810486495035,-3.634450663097863,1.9285348647108105,-0.15025594818041405,2.2595330123358393,-2.816670934854913,0.13725239260756034,4.202135974554055,10.161880562952726,-0.8504796877863787,-1.0197998162541928,17.29151382359539,-2.7689854080081213,10.505925340659086,3.4907322502596063,-0.9121820823432178,-0.2455981545846466,2.1082526694230634,1.8728948215418724,-0.41278376330910327,7.591969045234273,-1.325549585359002,-1.769878615015656,-1.6072202098062052,-0.06974202284966483,1.530795371751567,-0.09116441908615243,1.7898157766723544,-0.8048983314624862,-0.7572052193765636,0.17455038566434014,-1.019372714375984,3.3595066931498927,1.9686558286511346,2.389893692265606,-1.8133956465062224,1.549591794099853,2.4767365492615068,-0.844568141402167,1.0111827144687204,-3.729637272686692,-1.890098376620939,7.8624992505338565,-3.0127579915887526,0.7401930330714649,-0.11965732637376764,2.2780317220394943,0.6410187398668643,0.35012784824234805,-0.288071724950948,-0.17223373392445357,1.7517411305139092,1.8215489601785626,1.5513440927532467,0.2090743615015518,-1.9476764069410755,0.5190592478174897,-0.7008632355959499,-1.5295469909987751,-1.4704564909750295,0.8936122842749985,-1.5214235461129755,0.5253768455675568,0.9158321564126904,-1.4112408058806416,0.3991802584308345,4.447273500927455,-0.5268704460493081,-2.3924951504249803,15.7834086552244,3.193037052195532,1.0498090985374622,-1.309947298291951,-2.8682008142714035,0.27426763173550617,0.9161704104145054,1.0916837188346262,1.0812477614992657,2.8216000351234354,1.3116234491875742,-2.340191031563815,2.281419064517353,-1.616003626054129,3.537610862148756,0.9013351163533527,-1.284811139323693,-0.837019131643913,-0.4940890065808202,-1.2889877318068368,3.4020983334816965,-1.7141778998084825,-2.2145750343083597,-0.004270219039081357,-1.5987227163986109,0.7482667889439217,1.085072685913635,1.208674028155813,-1.0117910307194764,2.041037118070614,-0.27304755889612153,0.4548106817943683,-0.2154007056860022,1.5714755128123379,-0.7190258015518829,-1.1592807637887892,1.2513653957045696,2.415311345824176,7.810103103008467,-1.4755867807015188,0.47004903637213225,0.09326446795222905,-0.1309955098258501,1.6451902212054035,2.6714927473088816,-0.4642282393817364,1.4489856445960403,0.29393369269728925,3.123395333516867,-1.8986511787978593,2.5046492063803765,0.3734970518298264,1.3893649462135538,5.041994214831954,0.2008957779050097,3.612505051659341,-1.0807554039747733,3.93192512943886,10.647838206657312,5.75022338411048,2.9946658745773904,-0.024962621778562462,-1.1895541722846545,-0.42127367889982986,0.049268292757743665,-0.05795903121889073,-0.2893600363114999,-1.1790133841851154,1.185502642673239,2.146386447937347,-0.5300203419355064,-0.10660865483089485,0.6486804513496962,2.2509181577601187,-2.046341370213187,0.005232079234190724,3.209642968411594,7.4672312599560895,-1.8780447104419278,-1.9159749804538089,0.7151948251097158,2.587850316842875,0.2660711856345524,3.1709902067402034,0.24254579962886003,-0.41380527196309086,1.1505266118539768,3.844905281624942,2.9421569022615954,2.484260194916398
C3L-02705,-0.9154015125776092,6.190619728097562,-1.9247047154774781,0.40089377188441144,-0.6500900850338331,1.5229467800958019,3.0189574237698684,5.570526531880076,4.856219969591363,-0.12309586757592514,-1.4781054317068842,-3.6716100229377058,5.954523876647547,-2.4138055475092086,1.8484888439073826,0.5254922030555603,2.1012340431455505,-2.0812198862498112,0.4355962253354346,4.677634422082051,10.719023796362604,-0.8783654474202301,-1.064559442842857,16.675110631193718,-2.3412435168660575,11.32350512800141,4.042945483916638,-1.1302437951855,0.502550342753217,2.1837653474215064,2.310111034256472,-0.4526261530766402,7.309582609295464,-1.412032889082171,-0.7625874579835275,-1.7079128723728603,0.48119657466719684,1.6793560861673558,0.7019240028395752,1.7550678095546566,-1.130031518327465,0.9217326596047245,1.0379763485944773,-0.4675121294495974,3.127949657536463,1.1024908173810708,2.237579441441419,-0.9951887403651585,1.3645304955119393,1.6995728320472825,-1.0086707285265724,0.3612023979793715,-3.8576207789520796,-1.2473163672593777,7.285948323595019,-3.235088030619612,0.45639809081923544,-0.1264087812766689,1.9365310016188142,0.3998638665869327,0.08806365368399705,-0.12849707490695758,-0.07657035178652415,1.624628917160549,1.0063118702915035,2.026696335024452,-0.5536607317206792,-2.0585617135143073,0.7300448839734657,-1.2787391505133168,-1.8793452420942054,-1.4101358769844632,2.006056217694198,-1.522682034495475,0.20195004229782718,1.4282150054464824,-0.9237164423458166,-0.4265333352943876,4.302196666917537,-0.6189025165344819,-1.9023063828103675,16.353685967219068,3.294863193286148,1.0572648659404917,-1.0626212952481646,-2.694731884916332,0.07219879636283599,1.275005428976215,1.1968626493544197,0.6855001617314328,2.464816623219326,1.5570776133492,-1.8940189538307513,2.3029309708183305,-1.8271695859232464,3.6815487541099614,0.3338673672515963,-1.237803841006673,-1.032633785822069,-0.6902927509193446,-0.7287829068763203,3.3367611935223187,-1.57922885604911,-2.3522793751793154,0.37341809205255805,-1.567051805416795,0.9443532796223884,1.570805468867688,1.3890211043186407,-0.9112697874525896,2.7419110132783047,0.2817492629148377,0.34938578004442616,-0.15964460390227073,0.0271323352596409,-0.9858606154806229,-1.3991006633804983,1.7666601258912376,2.9935996713869315,5.75466351130939,-1.977888644754151,0.48639249536348217,-0.2636891654013447,-0.11003626155815915,1.2011537962320886,4.007829332965454,-1.1069998245949368,1.3688925364718483,3.0585773472442783,2.0851795110639024,-1.7470952019339103,3.1569777708017193,0.19602548180200896,0.9192178616500988,6.698583464267257,0.16710825132267598,3.2642567654041956,-1.3388009013746838,2.7642760727969935,11.075143175256402,4.713621360324896,2.937604779112501,-0.06795681764727313,-0.9099886851799203,-0.5318337488801482,-0.10944035221345792,0.10846062337409437,-0.19783404563336962,-1.25509497964866,0.8672888073835995,1.9221028586607194,-0.5425305356567157,-0.6967220469010669,0.940888829172001,1.7251278113914004,-1.9633806029934995,-0.7448552740916288,3.257440984076743,6.893564141147622,-2.385601122586017,-1.9786353112732435,1.025580724323233,2.381335975787036,0.7874865866656516,3.5048859726743977,-0.48997494451469553,-0.019741099927053238,0.9267096862726111,3.509085170589936,2.1011635976997085,4.278269135575837
C3L-02707,-0.8248338155610935,6.081658545565944,-2.6118902877414243,0.7739732604124886,-0.9827458415886656,1.3236068052406653,3.1256130206056207,5.738101578154701,4.227682989505468,-0.10268591154517498,-1.031882009870603,-3.8359260569102007,5.198964127938759,-3.344734273421336,2.0212578360211104,-0.7278227433698063,2.084256253542354,-1.732871395129737,0.2442953600260892,5.245335748040312,10.288263258532135,-1.0510882349050303,-0.5138863401435427,17.18413819819736,-2.490302824513225,11.12743621302103,3.3743326525606294,-1.1185451183583126,-0.06895427606366525,1.7466644197559016,1.6953788657214333,-1.0812361608259398,7.051361010036775,-1.1026357417666117,-1.579361043022957,-2.3162424643773543,-0.12445826917227647,1.2381276003765531,-0.04097778401331859,2.4879084602608486,-0.6642917548721249,-1.4270885773973543,1.2771376011060847,-1.1906598928709542,3.6286752848464365,1.717723439133679,2.3449356200245486,-1.3820107626484117,1.5360994376082187,3.146693692311512,-0.125377099669356,0.2929050295486516,-2.971753803787517,-1.612032839062664,6.354403655490636,-3.1287583742015412,0.14896470748714483,0.016920029154502695,1.8951890387208474,0.18290257803288837,0.00989913934784258,-0.5803460670141283,-0.2639173506461548,2.009699017761544,1.7234307354210776,1.5879184791428915,0.9735246612358986,-2.283182114905053,-0.0486196499542148,-0.8973928930775906,-0.9484271498843784,0.844773294710626,0.45023066625902997,-1.6306390352183693,0.32551164297578333,1.3439534408546359,-0.9287249167024991,0.3194754438891232,4.324334242372623,-0.9513893247981302,-3.0863613609303244,16.14698997326617,3.847110436445033,0.8749751004005368,-1.5142435086688846,-1.4267444492003236,-0.7871499082568505,0.9551587154536323,1.062031529246935,0.6769065028097306,3.364410409215078,0.996208941231021,-2.0216005965445443,2.0086236568814324,-1.6698750254608112,3.6820283413827433,0.37283509010281773,-1.0870134579041348,-1.0855426687200571,-1.2476439074354835,-1.0253566402262717,3.2213071924008143,-1.4603478966492394,-2.303657355810718,0.437684587671228,-1.279598545229153,0.9707578438019274,0.49957874861786167,1.5642439747734556,-1.707436256803564,1.6297873618810197,0.10199791294562721,0.13867037024118783,0.025766174303147406,-0.26904227189428237,-1.3732041495589593,-0.9276106674816289,1.3149277151218692,2.3037748187103264,7.533338755794076,-1.681209438335146,-0.3656093174319244,0.05036801593136879,-0.5057881443865093,0.7237340468353931,1.682738607132556,0.018054744959295776,0.9603004160247343,2.554689405142344,3.3515895212982145,-1.3423861334945444,1.9680404807381857,0.323506695305359,1.0037030321717122,4.122156496856206,-0.1196355949191378,3.0738551150859674,-0.6162626624952025,2.686759363109522,10.345340994871844,4.5271436983002555,2.6148478440702085,-0.34489680665987044,-0.8904938946310343,-0.7712542124553793,0.07945880907286919,0.8042094493550291,-0.2688396026713129,-1.2137144031888845,0.7335841494547923,2.421910962051962,0.7369636580149018,-0.9825688467679503,0.7376824882165707,1.7316761918602452,-2.2900170102365682,-0.8005717882418235,3.170601515754076,6.364362354714199,-2.1546635802677705,-1.135308484899836,1.6782922229077133,2.5935365774939028,0.014410186815548252,3.358277462462456,-0.29380438808912507,-0.3499827903005342,0.9882944501534006,3.757671270512474,1.82341624969573,3.2407681785046876
C3L-02708,-0.5918217836288127,5.995215573027774,-2.5153926015193027,0.8165482087223029,-0.5229511768965334,0.6391942317897011,2.4697923878908146,5.351813545316885,3.787483653027198,-0.19525917696856418,-1.3108124443387568,-4.094400882270852,4.16102766387959,-3.4558810424807924,2.417555310388574,-0.9241797084108955,1.9371152938161396,-2.335309897512226,0.1179088531663437,5.53968642210522,10.26895516316054,-0.35318031353347534,-0.857422218391513,18.114232931238416,-2.4262100958121904,9.90403289238453,3.8411967530987328,-1.3801802997159198,-0.5977997690466598,1.1207923181041544,1.7346830501879136,-0.7193734586589693,6.9421883432279445,-1.0464397681038933,-1.0318581644086897,-1.814073521383185,-0.06557564122921741,0.8082347471655202,-0.3953560678352807,2.742228420355419,-0.5816672342628614,-0.8464237793707503,0.825447282809215,-1.1772890127846558,2.766155206712491,1.6380615366990665,3.2228733450593814,-1.2201315348983302,2.160575140513383,1.965668048088174,-0.09212773405999629,0.6158846529377227,-2.3231842385568804,-1.6184121776857432,5.669248082634595,-3.2777550301825316,-1.1799018069001372,-0.10129144572121848,1.7665515059720638,0.7301938174037258,0.3006150868106665,-1.1683013649751273,-0.53678727459222,1.1801410180761134,2.2971232399987063,1.6472278649191225,-0.65448720731281,-1.427972030717858,-0.09968521473709326,-1.088301371338066,-1.6031348961630774,-1.2776319813186408,1.1575486657797764,-1.2355647492466055,0.6132500192583771,1.3152682206720088,-0.969376389767011,0.3300002610479427,4.284653593919508,-0.1994133389094638,-2.8252545516322916,15.812941599390646,2.1019791748048857,0.4702978342679673,-0.831823888134119,-2.4426446094235645,-0.12030712150825851,0.663349373903517,1.0932992536799595,0.5670562341110644,3.0995118803613297,1.3219872180154664,-2.4851115740832244,2.850679313205175,-1.809829833442717,3.902429743099488,0.22854326283189474,-1.3531512737916227,-0.8984272235991647,-0.22190955774302779,-0.6878110193427162,3.5400769417194153,-1.1158000315079077,-2.991954118555618,-0.7131403095094606,-1.7759323998436243,1.0679082375269358,0.6357199263854193,1.5430713304502206,-0.9911773268564986,1.6385406235659865,-1.0864830792096547,-0.3744741483380859,-0.519025779070245,-0.7429893001735894,-0.9308248733290873,-1.1898862936167875,1.3603990695238675,2.1187027569808112,7.159123946029151,-1.4331027578844806,-0.8058417740460975,-0.4054940452445945,0.2029025315882985,0.945411681515664,2.3412292686890126,0.4446389344428492,1.1077225248966176,2.0747093982412395,3.1237228476914916,-1.2389685861533222,1.4259060779235464,-0.8529112205494562,0.6574638968777204,4.9229908867652075,-0.47553771791218935,2.5122750883349805,-0.7892270388718085,2.071700810146911,10.010288259680344,4.4655476895086865,2.0144819664578706,-0.0989095901732292,-0.8136933950205022,-0.03194505761715678,-0.23826210611602702,-0.483826818731603,-0.5915559422927589,-1.2334907706187828,1.1789544168467176,2.219894756213712,-0.568185438048023,-0.688229798163042,0.3429935276495194,1.654691151192581,-2.5558967218678164,-0.2852246941390474,3.0324794483221122,5.998108136586127,-2.6083233487022692,-2.1889757115430153,1.1858539404140038,1.7322279427334106,0.18585423639607546,3.637329594845883,-0.07678829429942054,-1.1203543369306674,0.941282864670828,3.7113573562408413,1.983840966340156,2.4603258925663605
C3L-02900,-0.7874495600937657,5.229513623390703,-2.7024850748192253,0.7167528752302247,-0.6530949651994661,0.49661663343355306,2.4442918802172087,5.638868590113968,4.073634752518471,0.12378992058985355,-1.0059853217672485,-3.780397926975973,3.8153620937446093,-3.4485848403237562,3.6018994410487273,-0.950012263119166,1.7999452511332308,-2.256849322031228,0.3080845358495476,5.480733714198134,9.87804370293447,-1.8572231222830515,0.3210273930139072,14.397451926067465,-1.99469580535908,11.508144853734242,3.7213369315818694,-1.3100688320210327,-1.1951786058761371,1.1371999330474256,2.0186235830039414,-1.311818271226742,6.712706069556363,-1.7639435017558904,-1.0320004655050894,-1.453705679778898,-0.32370038421215414,0.7588978284977231,-0.1749824879094275,3.2264138728373926,-0.12217250439111843,0.3785952319694714,-0.7189426650086012,0.4226478291105451,3.4604831915680974,0.8243982227250383,2.9361470657674533,-1.1472915087147053,2.8304605321908287,1.4654109825271782,-0.32753094633750157,1.0180858670675912,-2.9992560179073804,-0.6707843781650424,6.846649871358263,-3.2446103612186303,0.027482511571775583,0.6908856177807788,2.416675645526323,0.9985462885378573,0.339416532412918,-1.4043891253870022,-0.5038928097736746,2.2850035304865273,1.130988097807109,1.4255817548606136,0.29602946010752956,-1.704208719532401,0.9040020201678128,-1.3886648004535875,-1.3854612773243007,-2.220242759922919,1.1729447826577757,-1.2865165894905184,0.4581053085985641,1.4238626049624492,-0.5469620342008704,0.1005475710134548,4.219929356797907,0.022405683945344392,-2.6794671218586164,15.882585325226955,1.273719131019044,1.2229917678152795,-1.761098169377362,-2.0310631484750385,0.17096780986810822,0.3976212453870774,0.7828545667596073,0.7283851322171891,2.9942105486213215,1.4503510098515169,-3.0061236839598076,3.7078233870877524,-1.875513689802835,3.610152019073613,-0.2600828500862675,-0.6254034241003661,-0.9505918204341254,-0.6640498410819408,-0.632787400504718,3.609934885774791,-1.3609917188536251,-2.9242205130311576,-0.8107973497295347,-1.0031169917421208,1.047978538039848,0.6212511517021041,1.1936693020761822,-0.7604827364119818,1.5318505332527659,-0.8847689532018467,-0.25108493066048326,0.010465753370016583,-0.4378720563259051,-0.5578014887935817,-0.9930691464266604,1.495094066239438,1.7594717845621082,9.054594659028615,-1.4971945474958621,-1.7050216552799344,0.11453101594275145,0.24041509828881788,1.2047488619796052,1.055706486451768,0.41994495194203935,1.4618762200925168,2.324786106001809,3.9155269947549867,-1.3255493556216635,2.0635390196903347,-0.36653367429633765,0.8727335841290532,5.72661857218996,-0.47518142114520506,3.3569795822075266,-1.4431734651809962,2.4405434416867555,10.098621031958553,3.1919313819855124,1.6948281150539752,0.3637773171223685,-0.9422968253806221,-0.13137207880752164,-0.14016668470874508,-0.804668681731746,-0.19858438739994388,-0.5944012553185719,1.3752441339630281,3.0185645414190265,-0.02594132227837781,-1.6185808905261105,0.4538215664630336,0.9521163175467138,-2.8096505154094125,-1.6308883037230844,2.8907397763245672,5.999640280021158,-3.0824559232092072,-1.6120962582534415,1.9916623043485486,2.527661465638568,-0.5847080460687263,3.6041711903868503,-0.1722579503524583,-1.0173062368140293,0.5640573844450283,3.5651731263438156,1.9414006975062332,3.1730945632647494
C3L-02955,-0.8377720862350524,6.760590098005748,-2.0903230891232165,1.0874462256050128,-0.1214584095042414,0.777721040755778,2.814821681776692,6.53966341361419,4.955249531478841,-0.44302525618374805,-1.733771348202343,-3.637935388862448,5.744841671329734,-2.204010713289386,3.3897263496840306,-0.09547374882520222,2.407256856878462,-1.586207793899432,0.34912372912323736,4.279608160735715,10.241139442259197,-1.7867051720114218,-0.3779930038362307,15.17236927971053,-2.04329740577474,9.894296874656463,4.980627028469028,-1.174613374408531,-0.4633328632010927,1.9220366137968359,2.1661218695703144,0.16837299607754053,7.758714364079309,-1.12011901076457,-1.1619212327446355,-2.1884586606517837,0.8070296132313003,2.3762009185357496,0.5552309327037195,2.020641504812462,-0.9760890881757609,2.5956480291594155,-0.15685916437161046,0.27818524904472786,3.6497315479336665,0.8273823741554133,1.8948208479306579,-0.5113152585318909,1.4360192968084702,1.4152081919695403,-1.3203160906797209,1.3243484083968249,-4.386394910789484,-1.1882622333824417,7.739559902199717,-3.2012401476626895,0.744985970522182,0.4423569474466291,4.038498158014282,0.5019574275150469,0.05906934366331603,-0.5029735555643325,0.01955691694511826,1.310053839486859,1.1048308452760334,2.0585370752828314,-1.65294193554987,-1.8975938010801936,1.1937624656707215,-1.4479011215806161,-2.3135074536855176,-1.852322270315332,1.4963675438880277,-0.7750490847637747,0.3853148457939025,1.6848206791470557,-1.0058059668820492,-0.3464798637942005,4.051495500515347,-0.26472271945188186,-2.5374061238596664,16.779150470907346,1.8773129389357353,1.221422992684653,-1.2232234565815894,-2.6130860849098223,0.14943941380074235,1.507566447117066,1.3945346379207808,0.49744029161373143,2.722140013609514,1.6432221821761896,-2.445350079776834,2.8388049142958525,-1.8362278569124733,3.340576582993254,0.441529193886846,-0.6580020809597154,-0.5597838625738241,-1.016423315047082,-1.295417181074675,3.4315223038174625,-1.8275804779361982,-2.1135697438997996,-0.04263645847813791,-2.7647132610205443,1.778223903756802,1.7239842653856783,0.8010638667119094,-1.1323032258220005,2.7088179560852153,-1.0325456194359806,0.14174316151709754,-0.6048885890717184,0.1320660831205494,-0.22215401231997614,-1.2401442697579557,2.3077834612705677,2.5573788593488356,8.867220842381228,-1.1062270765051971,0.516976093217841,0.007242325079193573,0.08392533744208916,1.7601822816955626,3.51107875821308,-0.020252027334320286,1.224346421659545,3.9583250428214423,2.155143441946518,-2.0646566266643127,4.263931993590723,0.12914036084821445,1.0850750528201214,8.497708880218118,0.2650811773061582,4.117421172009444,-0.6565212703623815,3.8319102434811865,12.826931582429372,4.461557930758602,4.630345730882144,-0.4863573298725777,-0.9270982873513032,-0.06095696292592272,-0.5724569677640879,-0.7291499855222713,0.05650006875247514,-0.3903806680029239,1.46103688820579,1.6057946611956995,-1.4499111993422997,0.11719003048850235,1.3050929487096028,1.4109119820503428,-3.4336381944693155,-0.6383818792860809,3.327103650918445,8.319756016670912,-3.064667082924563,-1.8910344886299932,-0.0009885885497182083,1.9939403161191194,1.2365049025046082,4.290443491026933,0.45939702024730145,-0.6517663980288091,0.6236598000537013,3.137246541574203,2.6800838826296745,2.223534870116326
C3L-02970,-0.7211640833080922,6.092644941389736,-2.208319811766582,1.1660008512485098,-0.08584083396731834,1.2883686757746815,4.806510758497597,5.9861833248767935,4.472523891508493,-0.5932626970269139,-1.467113888081919,-3.522679164171803,4.570381269318278,-3.340028812687806,2.0382029113621876,-0.2175197788082234,2.295809866123842,-2.5401154896523876,0.2376771609593465,4.884364120543379,11.629195016513059,-0.8442734898851976,-0.9226364233373412,19.413733194865355,-2.8837022353830717,9.982719803280498,3.048017013671302,-0.6744109066951062,-0.7534823416633427,1.0000023764297448,1.6697669111776028,-0.5118301943556738,5.052355196479014,-1.6532432707007918,-0.9612487106665938,-1.952611768195127,-0.26806940452698763,0.3960480059819396,-0.3358001769333954,2.911759042540995,-1.0281880055320534,-0.5940057857488308,2.0251910968604316,-1.2412153747248666,3.2819561831015087,1.4870265398287732,3.122992098325986,-1.6337642334919447,2.5857929781367104,1.968313424347393,-0.4261322850128864,0.7986393185725976,-3.5352905115797637,-1.4243294326043785,7.4532506838705315,-3.2661733706728255,-0.0836023283220505,-0.37246784304306035,3.2561236335025066,-0.10147769546603679,-0.33349259652785296,-0.9439252523074497,-0.6898183942288774,2.0805336417539846,1.1246765482021073,2.0597988957091595,1.0554518152571108,-2.1085916255845087,0.0046801809739705005,-1.389617644550416,-1.3926016071017302,0.4907030552886112,1.1744591012626013,-1.4635983138498272,0.8908322126993514,0.9225838020997111,-0.6268485250786451,-0.1259094219882459,5.327000483664777,-0.5621187137455594,-2.8436179915162496,17.031525648572238,3.0702964617001456,1.0879541292777304,-0.7647731381961969,-2.17215909891497,0.332085681890207,0.3825918916598636,0.49519052561694793,1.2807227783882913,3.3747924420846163,0.9478194437246447,-1.9262027018655015,1.991207600025016,-1.7580260743245917,3.6651460468462496,-0.016141205321927213,-1.021082000404799,-1.051803786171839,-0.4214383929714224,-1.065762926705822,3.2429023838056232,-1.2730258240065468,-2.27514197636958,-0.07232304484920547,-0.904211063400099,0.9652919490488308,0.5696640548261122,1.3814177154650467,-0.9075453715389331,2.095982902780878,-1.2937903869265304,0.14751103065710225,0.22669911214682983,-0.1639477604218091,-0.9896773305992786,-1.4338689421266608,1.9688631097110563,1.4400008227974288,4.8652152558482245,-2.4211690919955076,0.3070641880909996,0.0782544108765097,0.2827497045360393,1.7189525058400323,1.4278294690308007,-0.7597138115683487,1.029076440429773,2.60040805267096,3.1714800176470486,-1.435653467478541,1.8114831918241703,-0.3150185941216344,0.9264053477575016,3.2671525700219077,-0.29672230639343683,4.102381835389443,-0.2404885641485466,1.8942940543702866,8.725511751274535,3.1113620041099876,1.9656732962571586,-0.3604340459789047,-0.6728102262650077,-1.1814633986169405,0.10636448554933253,0.5286786108213364,-0.758956271554887,-1.6082674285836294,1.0255134115513582,2.3420854931002357,-0.026109997464991857,-1.289378346227637,0.7965534111204026,2.1963362666064317,-3.0998049237875067,-0.1597384484707502,3.0051705152992993,5.397091965189355,-2.233918015311204,-1.8580909199962206,1.035196832483142,2.689132149407198,-0.9484103250444531,3.353614535724561,-0.5015089206280343,-0.6534604726007137,1.1664816638903093,4.29861679404206,1.2782053805029991,1.1284926151430994
C3L-02984,-0.48160974078307217,5.580488201351966,-3.013866555221492,0.5175582389645991,-0.7185781510519248,0.20686650005089133,1.7740540544753156,5.190526471084958,4.647120999115845,-0.3198216101148545,-0.2560262567894951,-3.286745588915152,4.2376459603245635,-3.3997749232907792,3.0293176524783334,-0.7314342082078475,2.2641909811406924,-1.8189164239540132,0.6042612515362051,5.952091750684461,9.42117757490785,-2.2099113365240455,0.7276491853239045,13.909431181285132,-1.9698144488680929,10.861727771579774,4.255439742259068,-1.6471235275887393,-1.2640826846794546,0.32186392531696967,1.8701623548303778,-1.1702954602133842,5.699465402540916,-2.931944966062213,-1.218241140142738,-1.0892062512489387,-0.5425751127196529,0.07880296418825376,0.648122536383399,3.698380464906406,-0.5641952642395501,0.7207882772520123,-0.8419833052627447,0.6732878597947264,3.50356730084296,0.45846352549593494,3.326287145657818,-1.4344076562443095,2.7039295887328265,1.7118787237237865,-0.7302664630646734,1.275219752207492,-2.7940615685732157,-0.8515339659956931,4.9932973130407925,-2.993145973701261,0.8360180338592965,-0.10282280793927645,1.9881976278971065,0.010505078299116738,-0.47120607964810995,-1.7187190386231133,-0.7879953882607603,2.4031720775761127,1.1499717283661077,1.2367037554932334,0.5595302475100904,-2.1508562256041768,0.35955713757375146,-1.3576732068867652,-1.0197690195250915,-2.759692485654609,1.4628222043275556,-1.7053936076246357,0.29259980105206757,1.808439694642458,-0.3724481230117859,-0.2337145976392438,5.267154003463778,-0.17187709497830045,-3.3048101395095157,14.533146902469491,1.1497202764542984,1.3835790869787072,-1.4098082049015044,-1.0875668581043516,-0.43737573083792447,0.5957333271006383,-0.2360012165636248,0.363705903839525,2.7457660234296886,1.3917281354385351,-2.4943478214588666,3.3147753213039124,-1.9537466745938914,3.6615912796303904,-0.576972011196764,-0.8345093313890272,-1.3325801012160021,-0.8899881533976187,-0.9306659093991387,3.610330936655086,-1.325480898010131,-2.7936773680911875,-0.7394827650816338,-0.49797435819754393,0.3960547754566745,0.6042669436576311,1.1134270258801116,-0.436977045828297,1.6083124071937167,-0.5203860222953541,-0.8188555251777269,-0.24720332848274676,-0.29975881147465094,0.06641875560642142,-1.3858885878773763,1.1093151628471611,1.0777265316710476,4.729291206935932,-0.9189981339701623,-1.7804298254791169,0.08885963124059078,0.49181537607481496,0.6054913033673196,0.18134669002225193,0.17887391393259042,1.1013929811375895,4.3839257954834885,4.82606698379024,-0.841364224564541,2.159660661789789,-1.3228163780561009,0.8912632258761711,4.293303224190649,-0.27532687054952243,3.8252778355447754,-1.2353126541680313,1.4914342958598805,8.02389776271502,2.4581247817915504,0.8763043698445108,-0.4137978584294373,-1.344433540194797,0.12153468356841073,0.21566204089542126,-0.16516005646970314,-0.6584962660398637,-1.020722274715667,1.4387117544231474,2.1335205146541445,0.1637542387255156,-1.6790468240665075,0.34225279329025005,1.408455411629247,-1.8582902914775494,-2.1870850212967374,2.681200662073498,4.960137338518244,-2.9874454365473713,-0.8872126043546344,1.6892921551539364,1.761788696287914,-0.3271063276030111,3.5855305240998474,-0.6187202564033439,-0.4783390121113413,1.065910818008277,3.7555626522559686,2.0022141416320576,3.600418040199528
C3L-03260,-0.8630653114992286,6.4348596082460086,-2.2931140875176173,1.201504296984162,-1.176551839389311,1.2202615533621486,2.8715788167039156,5.262533659562154,4.7012446342500915,-0.38239802190146505,-1.1004828725715408,-3.3634568765911563,4.625470277631497,-3.6910948282169467,3.032285490713542,-0.17702429059630242,1.8955327054359716,-2.2230169183541713,-0.0036480167982249506,4.968373025767192,10.896374748511048,-0.5725811799503313,-0.14301699755905803,19.330137966819063,-2.8023264468038396,10.815632495541776,3.6835402558207,-1.067223753867821,-1.279014681251085,0.6713315908590631,1.7635029616218232,-0.5914991686347819,5.559560598118865,-1.561194538819468,-0.7841254909328643,-1.6873030064530128,-0.9614614035541397,0.4777642513977801,0.011294067456264018,2.823673094780195,-0.6619241961786064,-0.3472747442738115,1.586504666640387,-0.10156713904289168,3.6560063685393165,0.5607686009262182,2.881639682521419,-1.8371507778084712,2.0916763432440337,2.260049955926562,-0.9893422389063324,1.3374049762607627,-3.8762083198239465,-1.296945167821053,6.297488483657467,-3.178310264432458,0.5963632632998508,-0.43794103747020996,2.268846262818375,0.1979628171442685,-0.2212691695758284,-0.783563551075886,-0.626725526236187,1.9630362971015782,1.7946175031175842,0.8596864788421721,0.43783737488813756,-1.6576432686539562,0.17542768070726192,-1.3246651032105625,-1.2388824431530634,-0.8548241466690443,1.2763042797956523,-1.264832039387258,0.7110739065526898,1.6076215348663332,-1.0174994504659545,0.4493787836984633,4.5037078869325775,-0.7004009415668982,-2.9544280592561383,16.3800706193604,2.457514053598954,1.1017886921781022,-1.4701884518681096,-1.7550517504020318,-0.11587086322046161,0.44715699629303807,0.5017676562854719,1.3897139727522059,3.3329305882318327,1.1548509119583767,-2.312065224772638,2.6266638975958423,-1.602899606257898,3.5911063992306382,-0.05578742589288934,-1.1239407579159582,-1.180209113763813,-0.4785845630890768,-0.7721291428018335,3.453002573072234,-1.7504779924401908,-2.475107518531393,0.11926375373618306,-1.2973491461671383,0.6200484785481788,0.8746567498684089,1.287080649276591,-0.8509576168452815,1.9389338844114303,-0.3988048374207473,-0.3314916148856523,-0.5161937973481596,-0.20296981310590081,-1.3118814932222447,-1.8279366309273168,1.3464430193176158,1.6573010716446117,5.909873880202473,-0.7749811233420295,-1.0585773398548068,0.07538700619876561,-0.006087335264284073,1.089899529034838,0.8805476842589006,-0.46007636352892956,1.0436123395158292,3.667560517551496,2.8187332875738957,-2.7182165383874586,2.848688553936318,-0.5778568875734864,0.7208581455761055,4.164798236538554,-0.25836731728563955,3.8118999321333673,-1.3133653972280794,1.8482887029916995,8.821432182517551,4.211688122239724,1.228592916558394,-0.1638398411349509,-0.7136839128337001,-1.0807749101999402,0.42158426370197527,-0.23877753510108587,-0.6242709216872513,-1.3642031608087684,0.6007651756004844,2.222998344543013,0.4568388766812788,-1.8797853452287077,0.7179198022974173,2.0600928691277787,-2.539270837341968,-0.40431586345128495,3.254893123580094,5.298065444566446,-1.9599805351402935,-1.647641845543243,1.6187017000243327,2.5587889124234526,-0.5128072760539255,3.76017836636183,0.22886347985675431,-0.6443520831551353,1.2266708662418062,3.7487441836652002,2.1055398089878534,2.718235412428575
C3L-03266,-0.7146776215572581,6.802828689747291,-1.6865116007154302,0.4337476148214806,-0.6832530348897364,1.0836396662944912,3.7483151655283136,5.7660648731836215,4.1386983054405615,0.035135115453640196,-1.1989007756299224,-3.7612540269448114,5.225605608972821,-3.1689891511360226,3.101058916824264,0.8485645845860713,2.001562091508761,-2.262474629824954,0.2853377679993012,3.938929497498668,10.345839791926963,-1.0288115826671642,-1.113560243043388,17.946692510752303,-2.1791270779390035,11.082075416926752,4.557381683962847,-0.10217388842203956,0.2612864050299282,1.718231362539132,2.1545088536723482,-0.42383809869360545,7.8152933571694785,-1.5492562274001322,-1.5202241597035704,-1.5884548147080877,0.15460278367006278,1.5578955628900581,0.6498981236084677,2.4000496525448964,-0.9153844849406557,0.2764487036340663,0.9526809353727568,-1.08420571184058,3.350490509407447,1.5176089671159272,2.551516383241545,-1.5590493797732297,1.380383089572531,1.9914194597398707,-1.2991872181011748,1.4497450798938822,-4.300319390340544,-1.217357611999902,8.179483050921505,-3.24809529625177,0.07545605147573067,-0.23446783404882385,2.8707916209415245,0.6862547956007232,-0.18338071271771242,-0.33745232351010657,-0.43246066196804367,1.6790694474343053,1.6486702657481493,1.455295445494254,-0.01556579847259207,-2.196941451577557,0.6349382135215491,-1.5243923988382293,-2.2170756762927373,-1.075190243069492,1.348245122659382,-1.359237774719082,0.25125020345555027,1.659407393603589,-1.1784476937496555,-0.00831970834488056,3.894718782286825,-0.5313494410020707,-2.3650693528400337,16.84742974451805,2.9857127174896627,0.7275943135773899,-0.4074574604625844,-2.9694442994528134,-0.054325117379032346,1.3090078973209538,0.8044412169336451,1.5646632662808062,2.7262647801329107,1.3403302039165428,-2.1655030249254668,2.4193296481795508,-2.0046470399054614,3.5823521120813173,0.620022808702523,-1.1907745661745248,-0.6294718438216824,-0.5283443469076328,-1.1755028225998794,3.5222961071908347,-1.750125257432673,-2.928840234461432,-0.04297320199556016,-2.0013541295476363,0.9757278633055813,1.4013584457908945,1.6098367600771408,-0.5523931116724629,1.840501111779638,-1.1491913599568506,0.6504015222955855,-0.04873680650884428,0.830529803490115,-0.9485324691154431,-1.576158380531431,1.4851270317134828,2.375061514492066,5.746306317784084,-2.2023867018522094,1.2804265523372473,-0.27837699896349977,0.008134617927948107,1.8798372893125903,3.3070812015402185,0.23003088491188564,1.3001062008685518,3.0687420667122933,2.345780521229992,-1.4876559452258569,2.590293037847608,0.125463306921932,0.7272273896606528,4.237957519479639,-0.08379387647773644,3.227886364895627,-1.0036054465522188,3.3207081075602702,11.471296648599097,5.6988634154711875,3.3994907182203127,-0.6519142427897624,-0.6734090011036394,-1.1087588823302834,-0.08520548037562191,-0.028885038593336045,-0.21520506013568905,-1.6703184672509752,1.0294222704531166,2.2138610913394885,0.1540963112412835,-1.0947026032614806,0.7771133798667224,2.170308417011836,-2.8066411730739818,-0.7093070325990757,3.5043402762856224,6.58824942886389,-2.4241576671630973,-2.674670641535842,0.5991191075255631,2.1662037217104757,0.6162921313020799,4.124878274401395,-0.17342970502739524,-0.5109676613197921,0.7605169372182504,3.8155997002663624,2.232319781241453,2.3385107670357703
C3L-03387,-1.0027053142058322,5.644502313803317,-2.3334975909204334,0.7936916506962503,-0.3850082521958097,0.9431532837491281,3.1350093720851606,5.450232563361927,4.958637821469861,-0.4694153214604504,-1.0738766588779218,-3.7545486639351635,4.551600584128953,-3.3440710965907217,2.4147145705648456,-0.5538618363563048,1.9283369057438078,-1.47579180532786,0.2446248665506105,5.495911490622648,10.48062225448813,-1.1724167390983962,-0.755211032152587,17.345197469879494,-2.472247918154698,10.703829611942673,4.056691673596452,-2.411538210050904,-0.7885256708066002,0.9099765440118907,1.7236692300066951,-0.6089648459177635,5.487523826453251,-1.7768651874121624,-1.4471969784187884,-1.5940931491161787,-0.1426088610193478,0.6461724555324185,-0.16402848100072964,3.633569933159701,-0.7770086739780793,0.6368522978641228,1.0387676755213393,-0.04465706901383245,3.8439425062443755,1.5086232141991371,2.4401257066925335,-1.950881635622665,1.755291207093779,2.9565167150508285,-1.319437063600286,0.7377764012361178,-3.73707477700687,-0.9148389149906953,6.20908739311035,-3.1109821169113663,0.23990067822287134,-0.15461999209609423,2.3458128037073145,1.5452791905031182,-0.1357820059051088,-0.560172093208813,-0.30018890107154367,1.4409123511093538,3.524756036908695,1.8065948877824838,0.3941419700585764,-1.5275704575333888,0.5650512314043926,-1.3681836199980735,-1.0887163573128575,-2.007114413396585,0.630725892103264,-1.9246844993118537,0.6164673755373,1.2862375008537503,-0.5310170693594436,-0.18092887865869375,5.188465418391196,-0.5570771259700742,-2.7570505072162885,15.63867980516187,2.6839370988642237,0.9017313705657235,-0.5739176331690725,-2.474426916162952,-0.35714276537038886,0.2661613070766107,1.2911759869115915,0.9530062021674844,3.063025899943384,1.3173086180326776,-2.2164649912105965,2.5468522745105617,-1.6082546140855545,3.6433362680224834,0.08873446647407064,-0.9200714773817384,-1.1478218184715796,-0.38330039847192027,-1.083943046007386,3.2751363229950528,-1.1840584262255354,-2.4200807491394998,0.33696251740752214,-1.234971641109826,0.24337310185413705,1.1971323746007592,1.3295989218678779,-1.250811672632992,1.7854263021156709,-0.4597473862479109,-0.6859257496829042,-0.503279502784921,0.002660566032782117,-0.5954454885303664,-1.3940572784423808,1.280241826994195,1.5736939356170705,6.885092217510819,-1.6143748356702687,-0.5371913725239131,0.4436477202968052,-0.23060589727518757,1.516508027835339,0.7744873449420836,0.688541588856501,1.272106251816582,2.7571517110265957,3.939427349190876,-1.4309453945556643,2.419690660042766,-0.40736536699148485,1.125975462700645,3.8320818356130326,0.09611733252111065,3.190061829851593,-0.9054954314522196,2.4736976413341116,11.608530396464257,7.654283549349627,2.388673306478674,-0.6004663312173893,-1.4643196710058475,-0.2732085688712762,-0.42362375652389966,-0.031877763400853715,-0.492653690092993,-1.5796777277922731,0.6053929456288459,2.4157818088107637,0.6378117709717535,-1.1915937358883826,0.6804015913781861,1.4377952839155002,-2.727701157316841,-0.5479187651914904,2.869255017165385,5.795213765551112,-2.3617946657445676,-1.9221260060462158,1.3586716586373229,2.6441455466529016,-0.49385464561313364,3.1709409518310494,-0.8583994334430856,-0.603680335624323,0.7504942840283254,4.091908042958286,2.2960562850994317,3.118627818435732
C3L-03390,-1.0311596092320854,5.7941368114151635,-1.8075181161123532,1.212261280983315,-0.4909820447222016,1.2770535059622952,3.2422061090551506,5.873461338527731,4.485172257637186,-0.33644369394953894,-1.199133479896303,-3.3752810036781304,4.318421044865031,-3.2586814066390097,1.3280889056809018,0.536983269382952,1.8184077512719468,-2.536674632040302,0.23503801839208163,4.083721252933988,11.13783649747428,-0.4531107475535551,-0.9798725174668771,20.673863367264012,-3.0079513985499524,9.88372265999317,3.5015168036526982,-1.0089043005196363,-0.8057449365500975,1.5453178385378064,1.9399472276447525,-0.7687511270023186,6.810529205129834,-1.7764215815053848,-0.8013991519333405,-1.9347550170383885,0.5626981638358126,1.0151713888270795,-0.10987996276104116,2.6913429809778826,-0.8329820702041998,-0.46722844718299816,2.210730860780098,-1.8122347252568938,2.9193001290475316,1.6465257707443173,3.086079596124688,-1.8594792826094415,1.5706919771833223,3.1343886497089914,-0.7838106935695591,0.7061919050414791,-3.5580805883662516,-1.2961129415484964,6.987862287381736,-2.997124387717837,-0.09318420408168558,-0.31745045116329207,2.131811169275294,-0.6123167287487988,-0.027938438261703363,-0.7617571002084077,-0.5996358256386055,1.968002178724194,0.3018374997504305,1.90596001217356,0.5317078600101725,-2.1374194498640953,-0.026866802352722582,-1.1915244164808747,-1.2448152546165459,-0.5054830340719881,1.2982945154265149,-1.9665571337712069,0.7954589524694402,1.227228998821822,-1.0933095850864305,0.42289256659657537,4.877469955188008,-0.8138357057824015,-2.9153015145892356,16.435727261970435,3.9099340143225154,0.7656877533127853,-0.12513802495974674,-2.1080506007780935,-0.7354510617388447,0.7021759893615519,0.3666224777872836,1.5231415282942857,2.8530546392189127,1.059238413567555,-1.7100905261399626,1.536740661901944,-1.5886899772129155,3.7214566201144157,0.10161330455604653,-1.4879745483875586,-0.8970673060090838,-0.28704032394699025,-1.2689220089349431,3.5513898769363523,-1.512508488251691,-2.6182930439430563,-0.18263193044800183,-1.1223338765545363,0.28360381304328003,0.6037844310052204,1.6063373700730674,-1.0814571967925588,1.9630862343506452,-1.3537472723068154,0.7974545963578548,0.4172871135858099,-0.03810514545184104,-0.6139086955376077,-1.4490682219111986,1.6105202828244718,1.8221355188042132,4.132417491227158,-2.2004761166104796,0.8141857266761381,-0.6334230003341415,-0.32658735561528895,1.0922180918001003,2.2405451194649966,-0.6392397138388423,1.1638175374606572,1.6009910575553061,3.9795334766138217,-0.9401576212647341,1.8233462797969482,-0.2477485321665127,1.178299913128275,1.847906860331055,-0.501791311792082,3.411853535329115,-0.35543666501517385,3.0038829687986532,8.273062510435517,2.7725215640298093,2.581399114545002,-0.5376929829889368,-0.5861460309754125,-1.3874995341305638,0.1291991662600313,0.766822782377771,-0.37545587498226834,-1.6821661656106746,0.9632198199949259,1.9143846450476132,0.016764620012212204,-0.4643995239107147,0.7867637825072619,2.0059173394069814,-2.552265503186587,0.208680981758072,3.0379734835832695,5.859783894187314,-1.831938461156594,-2.0401361325476,1.0095392116917423,1.8504274609135785,-0.04956098968289243,3.985916952918879,-0.6986644659374814,-0.8816985192194481,1.0538084959231249,4.034540730669606,2.0162817386089973,1.2275305314773852
C3L-03392,-0.516551137703594,6.857958965257957,-1.8737215757458656,0.2312085568457109,-1.1508022214052065,1.467355829885693,2.770907857966148,5.998733271316215,4.9100687350197605,-0.329144012782188,-0.48317094133916305,-3.9082268026711917,5.995756419667482,-2.276363616560174,3.008368496296394,1.4641494159270942,1.4793451559998796,-2.013208503007704,0.5132743788271771,4.469667549040509,9.076882047820122,-1.7579719900256396,-0.5964197922913312,14.647796365589118,-2.075137117551524,11.141048963898717,3.6564464747228733,-1.2267260560981466,-0.0629045718196425,3.2758566622765923,2.1727915472295605,-0.37604234524451846,8.70532254516955,-0.9733903509443215,-2.068644565765538,-1.9107164804161823,-0.11046586719654275,1.9205493592759073,0.2547808551085528,1.316411164018191,-0.6517624824594839,1.4201582620084887,-1.0701389015097205,-0.04405756610053905,3.2659707063474057,1.8876416819776638,1.9278673946049616,-1.515223242395779,1.4213179392942368,1.2707117776497305,-1.5993714612086967,0.598321292213858,-3.907722663391403,-0.9991387264873552,7.627420540548527,-2.883315248048305,1.326982664515772,0.667790229152297,2.4253929854280454,0.05732567162656892,0.2794002115557146,-0.06284553044412593,0.14729890218361955,2.0219301927162348,0.8876863123625848,1.9355353772761532,0.09959887721780786,-1.9868605646559552,0.36449849575742393,-1.3624890854591667,-2.1060787911293586,-2.4809462531300643,2.093053604197173,-0.625009337472124,-0.18322112549844993,1.4233428330135405,-1.4340336728748957,0.7712232496959003,3.5872104414412345,-0.436775074418091,-2.33535223322771,16.832470078289877,2.296167923910791,1.1309137847807516,-1.744566069961589,-2.7997192668209734,0.4801572441163481,1.3421271099170302,1.7442742148597146,1.3620695924491102,2.342989954224904,1.797666857053178,-2.389594795302375,3.063923710859857,-2.025765586118436,3.3331303562381485,0.4527714961903051,-0.9703670084736749,-0.5142185189833213,-1.232706678182702,-0.7968918443096494,3.4897586881974254,-1.7222588644054897,-2.2112817044856055,-0.30629437611672805,-2.3726817326311638,1.2139682012613258,2.082933399752862,1.1033358382636027,-1.423335769628659,2.485270566835295,0.3905988160921137,0.3030693571122957,-0.3300234393301622,1.0780363377495825,-0.7647668293049973,-1.274901460721467,1.5300605638733658,3.096521407319826,8.319962215876364,-0.5668887127386845,0.19282270783101801,0.1606318358626533,-0.2924317521273626,1.6023300181045985,3.3909892990304384,-0.1404675178801414,1.3732291267178756,1.0328586712686805,2.9351463344503523,-1.9772767404459661,4.011041928149096,0.6777967235735824,0.634525516001317,6.668403078579859,0.19223958310024172,3.8122568533008416,-1.4861121739071503,3.3928231417900507,11.82803056712595,5.199903427621047,4.640101287602164,-0.12748939023513964,-0.8505286471350914,-0.4214140941480107,0.4255785273792468,-1.119279611934567,0.30787306420786537,-0.2906034560174624,1.7069325152539323,2.4460492958150555,-1.1919261092658175,0.4401475042301452,0.7728243076099567,1.7154830814955078,-2.9076484338416084,-1.2776867102697758,3.6270228743392314,8.504700624977355,-2.659103051831197,-1.9779826847614537,-0.47757031483321394,2.018651836038387,1.1102037163577305,3.7973747828299973,0.9274948299744866,-0.01756955887038375,0.6183981744012539,2.9260985923440233,2.904063616576127,3.7487544349019646
C3L-03400,-0.8867993188508231,6.674423161600195,-1.5836255002348765,1.3746341016643397,-1.03187940746988,1.4223900184314573,3.447334442758528,5.926977214907284,4.3391714992849355,-0.2332803669269755,-1.7804920752792983,-4.092063083910649,5.84263724789096,-1.7773671794844246,2.5652153352567453,1.358762385478828,2.2100478114103774,-1.7960940019598428,0.08506702358671,3.5431679104669245,11.211065537591,-1.3245989143988963,-0.028583764245057344,17.659328229850896,-2.27947572861681,9.11134746530417,3.2079914998837955,-0.16249164870058153,-0.3319531385419824,2.341802119127099,1.8251014555421827,-0.08504746700559866,7.332420548601946,-0.7570491548333059,-1.6944241026005729,-2.0513476344036734,1.4315263589495344,2.4595724611120953,-0.0230811505871639,2.06397054914886,-1.1184908396256903,2.1370707673564766,0.2321692030476235,-0.061215377916278624,3.8375964541277536,0.6446037843041479,2.2442251131791298,-1.8492417748901722,1.6024205032350778,1.8761920381697896,-1.706312936196936,-0.3369727212938021,-4.143393847745243,-1.177216573527386,8.437741685010124,-3.299212059656192,0.12095389771036623,0.6422330841792642,2.8874080841646736,0.12820970195965045,-0.06749395782134984,0.13603082244278936,0.23560516901575487,1.7574783024579101,0.7355347092630005,2.713286179353926,-0.41088881451719544,-1.7018636848326434,0.9918948703284062,-1.5100724488077124,-2.4636318953398137,-0.6634962444626903,1.670835463378562,-1.0729491040372658,0.4104816917638338,1.460103698204462,-1.0189819884845601,-0.11755498227288957,3.486275116550465,-0.2761838013447177,-2.095715036743024,16.183827165942965,2.6852115776992,0.40064874411949647,-1.2930049146267864,-3.38626762231975,0.1049384921293543,1.0541963278719115,2.4609732369625767,1.3184404432585113,2.4054852856063462,1.872773979812866,-2.1022358330813504,2.494158971128411,-0.9083097748862701,3.5468893847059646,0.5579930442455697,-1.363059469938058,-0.2481125545281,-0.5698069829021489,-1.4961476131524796,3.2007963943444553,-1.5945023390388116,-1.9730746469818221,-0.30178725938812584,-2.4180619445134797,1.124696784309191,1.9456600421804529,0.9529639875984196,-0.9535970858306344,2.601236429023606,-1.3745646189041678,0.3585359729894699,-0.47309394604740274,0.6640154065443185,-0.8060978885885408,-1.3364811072237317,2.6440055428432023,2.991056147887619,7.855400887699231,-1.5378946054289604,1.2193186801867049,0.5071496970534144,-0.04926847522558845,1.0801181522266294,4.581998389304639,-0.11294186745247382,1.0182136084314701,0.698925915961359,2.003956802460453,-1.6824090367106905,3.5708999913955193,0.612630534181207,0.8718341902567242,6.750611642566725,0.5529253399754303,2.847177133947518,-1.1734975825839309,3.25170973233054,12.264036256653675,5.091376844457942,4.007166031125405,0.06192496625116103,-0.8874504140052119,-0.08884910085001177,-0.36516673737526584,-0.9617920346416013,-0.07243020505883137,-0.6804561903082967,1.3207366666362605,1.4022388352942818,-0.33191132324626477,0.18132455201707837,1.1671023586848055,1.1990549803626853,-3.2806442688128277,0.4644594401285701,3.0782841459743318,7.98068838935349,-2.7633877658134227,-2.555942079152556,0.6942909075092786,1.4702099986860395,1.3175284212892746,4.012323249553872,-0.014632470869563888,-1.7849905693096677,0.4673994935952115,3.562840909944833,2.428315624564413,1.1810709563510458
C3L-03405,-0.7001810029778341,5.63185359857194,-1.9077957041889957,1.8328901122111692,-0.08997271396910815,1.1091387817832261,3.1256646247417867,5.643116716964837,4.432647041654297,-0.22129456807378764,-1.392805575374865,-3.5037172545257738,4.513454950318697,-2.442530819727927,1.6203196583209045,1.58269388756841,1.6845911429355844,-2.0366534453816776,0.06657215741579697,4.864054643029679,11.264054908143954,-0.605268090992664,-0.7704372007439104,19.550694479614773,-2.9773185109424802,9.028502107198083,3.475858501435718,-1.1942315344875631,-0.7710000954209563,1.7120741290722457,1.822122422045103,-0.7052256816086346,6.256266654808379,-1.223822228212405,-1.6563578105325938,-1.5078418234405269,0.2322592634616974,1.0697934772066817,-0.6901246197206387,2.962249424921505,-1.0510351531498259,0.23324997658138408,1.4939533539948795,-0.8761291486754329,3.079613680450775,1.0523275982689355,2.601866656192025,-1.835523732934615,2.4013361504755344,2.2217979404258794,0.21333703325006875,-0.06937636518486295,-3.7821624143312427,-1.68306341808385,6.967309634249091,-3.359588992714171,-0.5893425397618869,-0.29980311792690667,2.8255522576587033,0.42480577196454083,0.08338503394704183,-1.0126090408580743,-0.6057783071533993,1.8311639722084112,1.4869565958655857,2.1103985758593113,1.3258196992276017,-1.9395677359080075,-0.12962672890542723,-0.940975490521453,-1.606498543076719,0.32284261277187914,0.5090660894997513,-1.2291533195383015,0.7564748115384747,1.03290444661547,-1.0652334430408612,0.12389245331507129,4.5879771002633385,-0.4532615015338724,-2.5877001964318938,16.345134939971697,3.9971516900157353,0.5684283039637812,-1.4788255860187496,-1.2896188940470552,-0.35999468005537244,0.7099937153761834,1.2815503102563757,1.480520145369522,3.0386375156514682,1.4719898734015056,-2.2452768150071636,2.0448980726772032,-1.5890738755233766,3.63451253027662,0.36606753251215207,-1.3399267511166153,-0.9509012542072055,-1.73062200170166,-1.034308301434395,3.2024335290475228,-1.3429506632235761,-2.1049428042812925,0.1357116443490031,-1.3247626891778486,0.5451583030891748,0.7771376752542647,1.4572177298637,-0.8460908919695219,1.1808019799145566,-1.165807650346434,0.5728299794024533,-0.18310027314827723,-0.3448782882926992,-0.9385794942054795,-1.4153430385855186,1.7670631855777135,2.159212847746343,7.011034259421189,-1.8667361355998735,-0.31235580644693767,0.30267316722796,-0.3250864049002372,0.7076627642944394,2.009533374612153,-0.04079429030759127,1.2464457889575802,2.0361349105929563,3.785888043516845,-1.674585053381718,2.1037115520620744,0.7975960437673141,1.399902556022599,3.997251907403932,-0.31339896080715135,3.026839786912533,-1.0461933765266351,2.638708023082237,9.544694059234489,4.318963287316059,3.3433135614024825,0.31478913030325495,-0.7966622024772406,-1.1033411566800002,-0.6894028842113968,-0.34664101620755455,-0.5496543084060312,-1.3837303484070125,0.8006077303959879,2.446844206239664,0.0885955664269125,-0.49204624994867185,1.0693689265839237,1.1177940862110525,-2.8823968854158433,-0.047220998622425236,2.617744532501943,5.830694437209638,-2.9071426540142364,-1.0242347091649129,1.7209790949006794,2.603731576413009,-0.05083773403903863,2.9391538574889093,-0.36808466469933204,-0.7336911898038141,0.8292492712830963,3.7902755201786413,1.7429839815695938,0.9274136134368985
C3L-03407,-1.1845565312627109,6.694359205447984,-1.8784073836524309,0.9770361121811753,-1.038789842363197,0.28530769055664634,3.4309777825008,6.5553440084657995,4.10732853340603,-0.40823981740596355,-1.3326687631199348,-3.8322620374270184,6.385092565682207,-2.886445789584939,2.5839716521533624,0.8925112537865928,1.9331794125453758,-1.7957275094509877,0.549712255695546,4.037327830874605,10.599152618112184,-1.4941002706129034,-0.8362237397920965,16.189796808237414,-2.0208600942350037,10.863004418287254,4.053684937320502,-0.07998596032878472,-0.21039937777587225,2.4183358997180155,2.1401557276568712,-0.3830945662602958,8.88124464071026,-1.199326133261426,-1.811138761428666,-1.531502710543792,0.28814344719773627,0.9677282565511733,0.6155868028930117,1.612575704728208,-0.6268691996537951,0.03002994898710212,0.016331860384782758,-0.6018071835984763,3.6064546518896092,1.6314366687083082,1.985200264146087,-1.8086238514294797,1.0088177106026373,1.418690327844122,-1.6708781394742394,1.2020738655249676,-4.056211210421027,-1.454970187919674,8.124194449886156,-3.085142048031665,0.5624055335675063,0.6336672254667803,2.3907087604987667,0.3886363967606802,-0.2166551279939756,-0.602785647816339,0.1575155869350552,1.4991118441349336,0.7230055809097119,1.6166604792128698,-0.43659784429726695,-2.224481736536447,0.5895033841515703,-1.259362762534492,-1.9947514194067602,-2.096527489081239,1.345907633363838,-1.0271983051199471,0.028223163696917495,1.6339105356872643,-1.295633207747412,-0.20840726705143778,3.589324366570032,-0.3722502319084999,-2.4571207352791835,16.72528403711055,2.657754047135388,1.2754341717759254,-1.411249813348446,-2.7626316808136924,-0.0710780679700933,1.0570636158059417,1.419237078657316,1.1871583559977563,2.6072550629893225,1.4397275816443025,-2.35800615954823,2.8496006607056477,-1.9240623731804147,3.6180069732406914,0.6996699262086751,-0.9820818860203021,-0.20385288510081978,-0.5039058295327543,-1.3361941328787448,3.456474733697451,-1.8729855606699277,-1.8624469484581514,-0.3280701133313856,-2.894576362251316,1.965201212819279,1.7282211336330944,1.3289909860698401,-1.1009541816976278,2.1820742237069566,-0.9438895120745401,0.5686035933473604,-0.04929094566254561,0.6055559460451558,-0.726628707568895,-1.675813051740736,1.7805957230500844,2.4785945630882296,8.714035470234,-1.2205087806774308,0.9725285335778528,0.40447564502414546,-0.0714047890850937,2.1824279652605747,3.5765669831366647,0.31851232729190576,1.0786679603158071,1.4129253604171503,2.2794509721689895,-2.300405139777638,3.74816504219272,0.19885844018210094,0.7864584755603239,7.357143470664238,0.3594522341607292,2.8540329400010074,-1.3604556815923254,3.788879742165306,12.819538775705432,4.434169181740636,4.377330497246327,-0.47244887891873755,-0.8118925310337767,-0.2503295825576988,-0.1957632216713713,-0.38860098208067884,0.18725580156355956,-1.0142519830592187,1.3360871566443302,2.025135854475929,-1.0761298819257736,-0.42543118290910403,0.7996927592168466,1.6745027892675008,-2.780217811046755,-0.8153672282701999,3.5105612771234687,7.965637967441212,-2.7344291594334136,-2.092651313840974,0.45298778335819956,2.1773064725339544,1.4234758109852603,4.357544736112558,0.4570639721909021,-0.7741358536181726,0.2609510830251307,3.4681438291380635,2.886763876238133,2.8254279439279677
C3L-03681,-0.8727688559527566,6.1206261971762554,-2.163610257617081,0.6019255578164422,-0.9684088073537808,1.1783430956894685,3.1418229781939777,5.4446651242377415,4.841803172355608,-0.3406025722259985,-0.6851102589881336,-3.8791742830311704,5.987790196821316,-2.542781998489621,2.6879466601970297,1.1401833357631235,2.0185882922664384,-2.2726848253202254,0.35612112372876326,4.961884909067167,10.59193990412291,-1.1111298616315288,-0.8571934117127243,17.38166734603964,-2.4381873387059456,10.869092521256201,3.4588886100894833,-0.883876611862031,-0.5212777815621497,3.345039567657226,1.8831118905565014,-0.5887781753749048,6.9545276612115625,-1.2230110011877169,-2.3128706874946148,-1.5253203151600983,0.018594484571699404,1.297968250077601,0.21178209195035272,2.423920514304041,-0.88688206195688,-0.32541978216822987,0.5541151624212549,-0.6432134918250898,3.2095410937041216,1.739381700056885,2.1011864661111215,-1.4864794152971499,1.0743540048869007,1.8695482033383015,-0.7536298581107593,1.0148048627225077,-3.8694649791146727,-1.8177082984277049,8.16071745001775,-3.0843020018871363,1.1937481143196802,0.28219062083205854,2.5122308676873795,0.5200368913965527,0.3675982743828342,0.3156013792881138,-0.30527985627458515,1.4747189688481406,1.0798080907488927,1.6113695096483622,0.10622091007927845,-2.043001747858232,0.6924967653883826,-0.537737425449704,-2.3346411631048145,-0.9597655622313399,1.741468256141689,-1.117657613009489,0.21436280399545363,1.2180203576177357,-1.0127223678612118,0.31994019801857004,4.465900803407447,-0.6442170781332807,-2.8930599685300926,16.45492008703689,2.6667156185336496,1.1399716130937125,-1.0882589481728355,-2.722203806908229,-0.14689511308116282,0.8743025074626395,1.2344685509395406,1.1622883374751807,2.8758567469487164,1.4850727446496677,-2.465532567445355,3.0324088871212496,-1.8770346502798345,3.5997208540220154,0.4794850062924853,-0.9641156647158572,-0.7445757568848825,-0.9813268859889756,-0.6925915735268037,3.295773787982708,-1.681350437555654,-2.688076243706172,-0.017469928745541045,-1.6475394204973497,1.2348526739188264,1.303378162575872,1.0904066981135239,-1.2577791839041768,1.9888638170681052,-0.30939675982255704,1.1692893183752946,-0.04270820939392032,0.704849341389227,-0.7987327627629452,-1.304778517352835,2.344956522028206,2.2298064217809643,6.438573452879631,-1.4622848257276277,0.08152794883419798,0.2640752443174212,0.025232285356142966,2.1194513979297227,2.607844110176854,-0.27664148996072074,1.7652012795326462,2.4409985123612996,3.618755854335292,-1.57174277209198,3.211907439946775,-0.06539129211679054,0.9614914660672165,4.982317309309772,0.16410460951371997,4.0484288222171125,-1.2118118439326748,2.5556952189784528,10.244173070236934,4.486836623038123,3.519907657222986,-0.22004917543340854,-0.6264320605812221,-0.8894299158535668,0.34112539969387756,-0.20555422176034863,-0.4848767154729411,-0.9384902257545004,1.5053994974319422,2.548417332692501,-0.5343502799406167,-0.9978454577963518,0.9090300161310964,1.969168969058402,-2.929400905958015,-0.5974805300297624,3.263715197286287,7.825771223428319,-2.240901563577223,-1.8690536558203814,0.43885356556450356,2.045229835958849,0.5083937901048728,3.6079828919429193,0.07369583549219362,-0.40181282042942623,0.725573173071079,3.579499202979157,2.5187469360255355,3.252900884846386
C3L-03727,-0.6463430804123532,6.550954906254783,-1.6085798907762163,0.693557954257409,-0.383243071785887,0.8584438290895056,3.4615301852631526,6.161311423386112,4.819664526754076,-0.46253530493998807,-1.3952761918026193,-3.5364633114863784,5.248711328982733,-3.1408409630766974,1.912139597722391,1.5003766221871582,2.5710416208533573,-1.5939761947243558,0.42528412407766863,4.068086922388429,10.950753431916294,-1.2774061034462403,-1.2110170136511682,16.762572963744695,-2.2934999318006515,9.176016484719428,4.528664803140098,-1.5237846065012985,-0.8310988995885406,1.6856043148902105,2.066764258440112,-0.46779379193846327,7.066551423671476,-1.663172114326339,-2.1392056240139183,-1.8303428182256638,0.5591765055582862,1.7604735482799487,0.3742151745223144,2.611996913635899,-0.9513285412966694,1.1334171284284025,0.402313319125575,-0.7512746628459193,3.2645280678956277,1.7257015863771394,3.057710745534717,-1.2106772331592512,2.0047628464932044,3.005937427944395,-1.1549394784092026,0.26336731989468193,-3.836757214767321,-1.6478863921330622,7.9294998155698275,-2.7922605263308204,-0.5714691296244615,0.25102709625809244,2.5626439460481447,0.5019769939052023,-0.08307488140250292,-0.47757601999890975,-0.3958193986501254,1.4920579697251188,1.2670189774340255,2.062754308359873,-0.14859960844042916,-2.13592605309679,0.7879918373842286,-1.1510485880995873,-1.4888808030571612,-0.693121386652332,1.0266191304836112,-1.675383893585075,0.8543850925193457,1.0977926962389575,-1.1030859208665849,-0.10371497208689595,3.8324312146800463,-0.6186144939414009,-3.191578426276484,16.5573596206292,3.069228726841423,1.1731821993342089,-0.8265074701383347,-2.613685360298269,-0.6199806325278129,1.002115093471602,1.165692814907644,1.3924224553013027,2.8797562116775914,1.3361808233914756,-2.461324281654829,2.1188893449840047,-1.6158562327600237,3.8742786083131726,0.5481504173631122,-1.486394051586777,-0.6555577897358978,-0.678791582682002,-1.3576504919804167,3.3155532977775874,-1.6469364655529148,-2.272373074967242,0.10405951229368142,-1.331987287901906,1.4213003424477126,1.0296035811423023,1.1071370817342379,-1.2990671540615863,1.7817993090707365,-1.562367621317137,0.07752387628136032,-0.1301751014603249,0.5154608766600096,-0.19822432084866928,-1.2832736237447062,1.9938523199769442,1.8017776538910701,8.440909064032347,-1.9956068660462045,1.2365023219287512,0.22398274324795586,-0.07555305981071964,1.07505158582396,2.6511141336400286,0.5691606534857016,0.9939375451336931,1.2163683881543372,3.187304781982063,-1.7958172260157996,2.9023431225639857,0.1828071678315415,0.9390467650576765,4.619512842618488,0.4772553570408307,2.999259755045933,-0.8731116827619306,4.323233005230515,12.579040513167477,4.677096818389197,3.2907312844069057,-0.25364618546831236,-1.400937541239193,-0.4656666989585528,-0.21341169651333639,0.19852903702152552,0.010679992859266726,-1.615205817716163,1.1212597132989122,2.2080220079604813,-0.3332391428527236,-0.6737860010777016,0.9792287019944673,1.6904691233196327,-3.8016150064810392,-0.44885831798158654,3.130542560159663,7.086150390022785,-2.8105227453312494,-2.4501065278680736,1.0309187741969856,2.0594698308199715,0.5725269241263359,3.879068492380318,0.4161658094459542,-0.4718725425814519,0.9893012146269483,4.145698605879505,2.155435665637422,0.3338658581784357
C3L-03728,-0.6703242262578301,6.523956278237873,-2.0591346171131164,1.3184257567329722,-0.5294486966806002,0.8442322836166603,2.723742701584213,6.2173095276895145,4.814849636292596,-0.38844435309084946,-1.4683217158656845,-3.6279949174998247,5.154892153081734,-3.2392434510076624,2.9675686050066625,-0.8504585442097582,2.112290493582376,-1.7032261850360615,0.633481139348003,5.234398428381991,10.05215274401796,-1.9760051138231094,-0.3920161328919811,15.339770161398521,-1.9936612506682279,10.046537856880315,3.9615561465364206,-2.059617140533068,-1.1594302548955953,1.5810339114003398,2.59548551278701,-0.37535724392086084,6.6984591205174375,-1.2921566851966282,-0.9956881745297879,-2.290383099227027,0.561154561946212,0.9184779050661402,-0.09358737316502512,3.6032978954933217,-0.6429940060853294,0.12069132970783672,0.19525672038056258,-0.7361949031005828,3.4585050842751826,1.368589337664053,2.504644402274874,-1.4365862936531664,1.5864711050065683,2.366579378590345,-1.2496089140452054,1.6454906995911944,-4.294865241926433,-1.3255883782050513,6.538312265840373,-3.1853078383422697,0.08844632547274842,0.09434290618465054,2.5650026743954877,0.33242785588703216,-0.013711076545807884,-0.8670025778643623,-0.39739083351072374,1.6217611078891583,0.14473213387187508,1.7615894350074996,-1.0363041078328215,-2.0183842636538882,0.040010266149350784,-1.6747867256810676,-1.3600700382417374,-1.7055117956257722,0.8588113997427571,-1.4635704843957384,0.8335461476444329,1.0078439289185301,-1.1194129677651259,-0.09587417390442003,4.07604181388457,-0.44664930752392284,-2.8037565918730882,15.581713160177557,1.807648739903848,0.7723901852896368,-1.1869218632904202,-2.426495090825196,-0.06102004475136253,1.0464107581700373,1.141481093224882,-0.12569376036525504,2.7950247325267252,1.5113852928791727,-1.8054608989518734,2.0990159190890063,-1.6853518370975062,3.484335204898526,0.0739034466385925,-1.2038060316465808,-0.7048342617915165,-0.7720528445144711,-1.4186671573380394,3.322416825218905,-1.707209024984883,-1.5817898111260882,-0.3418700032518595,-2.2181814226726564,1.9818695064768588,1.2928468801709005,1.281460598478748,-1.3865799367396203,2.584923331618882,-1.5751451155568812,0.15330676835144225,-0.6697340186117855,-0.2263642816422626,-1.323960544327148,-0.7517087400370709,2.3948860800666445,2.1226488275299773,7.469874142764537,-1.7667955309309742,0.789165575422329,0.3150617790190588,-0.7161257773986652,1.4563691400502796,2.157089528013466,0.40176523422068405,1.7156663413131283,1.9705072307374336,3.2518551707138332,-1.6899034232151668,2.9292028095167764,0.061374737923642904,0.9922593390995431,6.807804549232501,-0.06716283965322946,2.8015879271835025,-0.7613737222534825,3.3811331267516933,12.036633490841782,3.6562702510975758,3.148659274085324,-0.7848673147360566,-0.9303429402105271,0.2986201605118447,-0.0662983091264127,0.03871816209250925,-0.8172564023704126,-1.3279648146448997,1.040266270363636,2.2965015046921433,-0.45698864526675975,-0.5879994957755069,0.9565145874559215,1.4858877363342706,-3.596083961082439,-0.9678064360114039,2.9130681222824757,7.385629030495176,-2.742679972140625,-1.9870940089981983,0.704500544141585,2.411081469165264,0.33977195334592086,4.047873970322538,0.06190938498313414,-0.9755229718404708,0.3060202326348259,4.040572420850599,2.2112960429055373,2.4281399369254038
C3L-03744,-0.15566362596245437,6.448205806536371,-1.4573418884273885,0.10056627124418983,0.11315154772446084,1.0472006604066473,3.789935372707149,5.812560678819888,4.661744522593536,-0.18295055392061094,-1.3481678544673164,-3.3952058811432217,5.019909345524388,-2.582280433184519,1.765945480153379,1.1894974013012327,2.3555469305441235,-2.1249843570754785,0.11655568804160231,3.195461643757205,10.341794084760947,-1.801056660603214,-0.8807627745094976,15.904571526464375,-1.785199166287359,9.806571478927602,4.665077775747927,-0.9673871144893725,-0.5593863869416892,2.3690817424953665,2.1573357347745565,-0.24829273208867353,7.613096475636716,-1.3311421101481407,-1.4290689747926477,-1.999385795329499,1.0460045979418935,1.2958542895709824,-0.1249213381448754,3.2400963756333594,-1.400576652941255,1.6163670122888767,-0.3122552799250892,-0.3859532650974492,3.566767522328515,0.9832040755821658,2.7066319104914176,-1.1435827367223366,1.3903902685006286,2.1193909259364574,-1.381864716483084,0.13379676733597373,-3.3752892155036758,-1.1224772639672371,8.50568057412861,-2.9666278356592626,0.5365069686716797,-0.048588241132008665,3.072545792681285,0.1321632421719791,-0.12176863275876915,-1.1360010221009593,-0.34473779692929624,1.7636077687547904,0.9442296940271204,1.4036531168301214,-0.16595502548220592,-2.149501739761976,0.6815315144958307,-1.675773852950893,-1.3100830848354357,-0.9139551817092285,1.4735946095085406,-1.5300732334751352,0.5771963457062025,1.190213715601379,-0.6580850178071854,-0.40439640575576025,3.7178948418461193,-0.2820876676384675,-3.0748874378028703,15.940501409311379,2.390814141809689,0.9036925983603895,-0.43079997314071455,-2.570364150607729,-0.0809736867168168,1.3324990098693468,0.8715260785279029,1.5493282604646328,2.3966485692825343,1.591686726115111,-2.01623243386225,2.5741916315144753,-1.3161491923086275,3.8900523834284284,1.2319518334272592,-1.6382936898577567,-0.4656480394927552,-0.8363510483167004,-1.0309080538219797,3.5025366428085345,-1.7544441876376464,-2.5106791872369474,-0.06616252283848076,-2.1146685266552523,1.3391386689140181,1.3328391665940424,1.3067062284393816,-0.961245512543238,2.5437330258888253,-0.9980054271878109,1.1674821024686008,-0.12048972842683046,0.14920073357656133,-0.7967625654877319,-1.6751454998769806,0.9887927543795749,2.3080191514309294,5.8652770656743645,-1.787641547141868,0.5859265346587004,-0.14426720834722656,-0.2855032407854035,1.0384841759398522,3.6178150007186636,-0.32599431147515584,1.151973211017677,0.9858683575108395,3.2524912540265163,-1.7719642888879168,3.2597874431280376,0.18498631378960229,0.8423328147448791,5.1312491190638605,-0.2598879255796057,3.3853213945238796,-0.9917571754954528,4.221079744968522,11.220878970447947,4.472739461633657,3.2879774063399503,-0.5202104763452198,-0.40730475996843085,-0.37601701396472476,-0.5975728006026055,-0.17531160294166703,-0.44186140386304495,-1.8709588784586284,0.8819118323020058,2.0564479979099133,-0.6018212639489778,0.124547848938842,0.9653477221000368,1.8560202271089277,-3.4885647303398626,-1.1634306733243416,3.031260242828939,7.92643888744558,-2.9668679406511114,-1.8906088459418458,0.7911909228522837,2.400019187472854,0.5552408108809598,3.860902403978785,-0.2967623790141786,-1.157878805190253,0.2125110458398202,4.0089065618477795,2.5373539409437056,0.9960293701653324
C3L-03748,-0.7264578944336945,6.905056193044771,-1.6744971828792985,0.6107976196957524,-0.49010922902563336,1.8892957803933559,4.302716595781832,6.642734490178721,4.52339995233132,-0.27207860147508084,-1.156309179773222,-3.8750865037136175,5.4035800397608025,-3.3012347085103864,2.519319987019356,0.9108006570839525,1.5059494549384065,-2.438691332785907,0.37325578407232984,4.15058143108632,10.756010098785802,-0.8147694763165283,-1.2187576239763,17.352968021177055,-2.47743907032511,11.526789783081584,4.104539503900416,-0.2536699277631378,-0.5542612305631117,2.915621621524515,2.599198633932298,-0.5580873165120604,8.042920219658717,-1.5411826540570814,-1.6064740705461658,-2.152648084504009,0.6187488635587423,1.7509164471207497,0.12351873274891217,2.061622646687147,-1.0391894400680568,0.6585893174447225,0.32934371400921497,-1.541015062709803,3.403625995321282,1.354444259927571,2.523033780111147,-1.5770102361906375,1.5281465484242784,1.589952571944441,-1.337663907483584,0.7460464751667959,-3.8478395896904183,-1.246253058596121,8.829432484290432,-3.054982654058981,-0.1486525012609675,0.4941703080846031,2.801716900346328,-0.30418508692732077,-0.014058506128142224,-0.6008449820157145,-0.16345444859474934,2.0361493772885266,0.16052584728559663,1.7665958817628422,-0.1220822880592165,-1.9267384890783283,0.9634260920301588,-1.5143354110864113,-1.7033989784814703,-0.9235727229885926,1.6479158700143288,-1.2509717545399581,0.39907379780915775,1.575477093175325,-1.102295807757232,-0.272176564231341,4.13490618402852,-0.473737023935212,-2.7753692042895537,17.10292371851237,3.099876148244831,0.7200630850749391,-0.8899411656610924,-2.684778322971082,0.1426142663336248,0.988336170715882,1.1769024725616948,1.696844654257932,2.6818393017123947,1.3819980303425328,-2.082138581148063,2.432757617928183,-1.792613060551462,3.490752772049634,0.7638853484185415,-1.2653623881465252,-0.40729736292773855,-0.6731934223913155,-0.9093922818855282,3.6947011288001486,-1.8008565648814403,-2.3381955977761955,-0.21195302376071468,-2.515816066500854,1.6124858173952246,1.5025876175658237,1.3641225625228104,-1.2069687854225373,2.0571508189193892,-0.8302425877346604,1.1184854334492744,-0.07112455291066865,0.6102650541945487,-0.8952658868261917,-1.3726902247144386,1.8219256427047805,2.4999165188900805,6.666489830845127,-2.1081524431226213,1.0925599759722857,0.535084509646774,0.06574178091161816,1.875443436082448,3.066630519426989,0.25758504377100466,0.8963867769146643,2.1917330632538237,2.0595355178960664,-1.1347515513976707,3.290383225386885,0.4270650289378765,1.0062389102102811,5.296092693826802,0.13183189215363744,3.5777313590740794,-1.1511547189247526,4.5246072040675145,11.175430266984822,3.9883919308513165,4.200458754456989,-0.21660757077810922,-0.6253471756090697,-0.6393101432193905,-0.2258495185810465,-0.2728666844886707,0.16172717978874346,-1.475719112270056,1.1299336112946181,1.9945837571136116,-0.5206941044980734,-0.6326303534447705,0.9559162424881356,2.2585604323506865,-3.1266532887502745,-0.33070515786970955,3.7436879844088637,7.874319832217398,-2.892753412028655,-2.281255980224263,0.7714603432218031,2.1662767444562667,0.6573802138199765,4.135249458270084,-0.030202379928563384,-0.3725054061945181,0.8165848885009547,3.477210573425736,2.5640309610075005,2.7476732499722574
C3L-03968,-0.944396556224755,5.725776453211857,-1.3441102676840468,0.7254480492160414,-0.2502785404285941,1.2918753007557882,3.130122043962325,5.698365116604873,4.328711557749705,-0.2951858964831085,-2.0385669297431623,-3.672229204387794,5.461973085170485,-2.9696616397566786,1.6356907860037744,-0.591706072658981,1.9170833718572817,-1.9874400979586415,0.1415449004440239,4.309998904595141,11.850688268700083,-0.10556948144735934,0.13283088712696603,20.00902087544793,-3.0629363824220466,8.62543052754836,3.5055081710380604,-1.4552956936695658,0.2526254559111522,0.8289169028331891,2.253352107796843,-0.44246674000622055,6.962626781072386,-0.8052014997807697,-0.7501409177585543,-2.008958346191543,-0.3523608755270777,1.8146416619204027,-0.7242179080319378,2.7659969031571823,-1.1628262359953545,0.161372957886422,2.3297916532498215,0.2864586468525899,3.336797354717454,0.05705789940754914,2.6546414033147143,-1.9472059084718807,1.753529531188783,2.128219640747333,-0.46646781328529985,0.6642398903962429,-3.5497653518073062,-1.167914619500574,6.565223475928247,-3.5460139551639807,-0.5914028019259757,-0.27638989982249845,2.2541874940132343,-0.2984461840208156,-0.09831261767703224,-0.35846053527437355,-0.376983279969123,2.0644880133199477,0.7154359335792904,1.0648085045068618,-0.7770303995290064,-1.3082315733305427,0.37178399357974695,-1.1903914424119275,-2.2007970423410934,-1.2100309470886577,1.377879261313552,-1.1448206003280503,0.4720477865671076,1.1357050220819969,-0.7990775715326175,-0.3788913978308716,5.330680633390955,-0.2919168578379082,-1.5329676289017262,17.11051556284555,2.9435509608746155,1.2202319197940947,-1.8218725885355216,-1.7243445991348045,0.11194934505541157,0.35170775167305623,1.1489214899265008,0.5680664505355949,2.5894944457033473,1.545183289817749,-1.6680392124906744,1.9108076271634622,-1.5922600069284845,3.657437083791664,1.0049984707710713,-1.3999701648564373,-0.9922660355720585,-0.6848132385189641,-0.8770914098215615,3.0399282762830615,-1.2513181382030714,-3.044579077770266,-0.5028591642062048,-2.2105792348871653,1.1989391303824433,1.3296398264387403,1.4580463708434317,-0.7915567549228971,2.703569075136256,-1.399325141831294,-0.23807981292056274,-0.818194672244191,0.07396521497080036,-1.1798788317897935,-1.419639683072843,2.4103511171984366,2.703890923284231,7.20236808914903,-2.128480289142549,0.5388981563145817,0.31435273809765096,0.07649335431767099,0.8162330655424666,3.0925826744884573,-0.756520666806896,0.7098003194093059,2.7847445283058767,3.0042691751374146,-1.1629929755953459,2.7216314488337754,0.7210976146713679,1.1461564457154445,7.253484700553617,0.8698230988707487,3.1947845183585235,-1.0749039018963435,2.7085974087347187,11.084267368690083,3.5217674160502734,1.552779622993409,0.35333709950829767,-0.6759678260517064,-0.23155088707489438,-0.08247341865611428,-0.3042361293854886,-0.34356283455176817,-0.8917039837260502,1.4985079581395697,2.2300891109023646,-0.08856643251451549,-0.8403962841071735,1.0602007489342844,0.8094208599251007,-3.3386692838511993,0.08837687490881929,2.667995024460169,6.8556048757257155,-3.3973700915078955,-1.3663835604421073,1.0616724866924148,2.5207268469495414,0.9139957350298623,3.676097616475836,-0.5864972352492939,-1.6859205419859726,0.9324006354083831,4.188612365593242,1.4212606262859617,1.3088053886621707
C3L-04084,-0.9601942018269162,6.070830031081515,-1.881155826685221,0.8220289174856814,-0.2540442679230791,0.8549309961558292,3.2743165082863577,5.814943093656736,4.339036823614543,-0.5566505570336172,-1.2694655113003814,-3.8070242645031835,4.475280671323123,-2.8466063396917125,2.030871065327996,-0.27647529378345564,1.8445621154458154,-1.9404728320412752,0.24785332493703968,5.349906957903815,10.768848819276972,-0.7334241407862787,-0.568761917582891,19.311190578456202,-2.767633015052493,10.980562754997381,3.886413642938986,-1.0034852386610136,-0.48458888933793853,1.7276614772890526,1.5394615882185558,-0.6765957301191476,6.13199673285425,-1.4292698496016008,-1.7735527059309908,-2.2387655451387505,0.19050909496439017,0.8775074604188402,0.46283604673705564,3.0095596497223642,-0.9445707294817383,-1.0263714895168656,1.667317397728718,-1.4571169144436087,2.7096358575103507,1.7764931696250552,2.6623883775206534,-1.848705714475735,1.489427569180606,2.4206239553500466,-0.3496956744937471,0.7641384397285778,-3.5063845980014676,-1.387123264451171,7.157994570418256,-3.0675178600599424,-0.5848417968926055,-0.21947835094406745,2.0088393995369658,0.7649050801718232,0.12896498381238494,0.08820880151029319,-0.378451013920569,1.4650157551063077,2.0188318577379114,1.182597216866912,0.5297963280165274,-1.9877114693652231,0.29482323163532764,-1.1630049754340168,-1.4968796630652295,-2.0167674710539614,1.0397878717976619,-2.0478542427703212,0.6302412064195635,0.9391277841374338,-1.172074408052939,0.2876285794766602,4.938971022506823,-0.4365743901469612,-3.0182827174125437,15.66420314457356,3.428794734141485,0.7676726390238139,-0.6033199973992994,-2.4392774344995867,-0.38489066977043795,0.570389175864424,0.25117766604439645,1.1732070368826364,2.8482970235282163,1.0298359792981684,-2.049914910998565,1.8551971613840503,-1.9087450936094348,3.8151416839482457,0.38674939011068166,-1.310788101751081,-0.9350374721449977,-0.3496362791996548,-1.4367479834649213,3.297814103636505,-1.551956618572531,-1.8167642648693652,0.2180275185399122,-1.157782827540174,0.8524604278162163,0.5137452630442966,1.5049906398628254,-0.8713817028426296,1.6953510382933057,-1.1393927179982928,-0.19978247569210686,-0.1718583140463199,0.2863763956168882,-0.5981825331142415,-1.5194395545819759,2.1350191284068862,1.5788249853522685,4.252261126056618,-2.020254224358428,1.004049457634299,-0.5801365649318305,-0.6209165533255282,1.2250183119989888,2.3908337495943224,0.5341477699154307,1.1361584724823706,1.715591678792806,2.9647244817387217,-1.2658624005573365,2.028804282450491,-0.015348991037868713,1.2411235099528568,2.679996218526077,-0.13979627262627925,3.075708641736172,-0.7405915400206016,3.7650039847504813,10.056813499573222,5.235965675061398,2.07357347501346,-0.5235683863823355,-0.9279989679749421,-0.8749154511757821,0.2170969548726251,0.5490023145343076,-0.6327674564746592,-1.6833986353470847,0.6428522077041089,2.9842160221677148,0.2049480709956086,-1.1612305667928724,0.6405491548019431,2.225051463956101,-1.9346602142336742,0.5686227926030473,2.953638598715716,6.308916595416733,-2.1363707742047335,-2.3054324260309165,1.1756807418669386,1.9494925800261274,-0.01449635963122979,3.47799557162601,-0.1807259758611938,-0.7062432746626305,1.0447522775912856,4.259726776044828,2.307949866837582,2.277794875394973
C3N-00661,-0.794084986109482,6.028772290136832,-1.976491802272313,1.1671091456219387,-0.7782725128443445,0.7250561283477198,2.8385695527232735,6.105144608232341,4.301955019484072,0.017734320378697314,-1.4513647061871096,-3.9026083434053818,6.162510932303099,-2.813052383179954,1.701677914049842,0.21069785227495016,2.162601001349917,-2.1381862291166978,0.1095934772858938,3.005329427873582,10.88244648538538,-2.0960075475625897,-0.5852721325896086,15.721664746444485,-2.1475442698028226,8.97622166884023,4.630217282430921,-0.13033625628806758,0.4062965585702883,2.1606692007412938,1.779756206131635,-0.4944313304569327,7.727666262767796,-0.7963460720358627,-1.754916204355149,-1.8717498555613477,1.2624814737624996,2.220921001021822,-0.15176338776310058,2.4920286330774473,-0.9821828425545617,1.077997570144807,-0.0030868284395189956,-0.6784797629310427,4.260917072762147,2.0003873948272406,2.4544928988401438,-1.352376494309637,1.6959820422054321,2.7596031721847765,-1.6856258262129677,1.0453680947929467,-4.1556222839268795,-1.106076701348368,8.305333927527496,-3.1676029404535715,0.5675982288009932,0.0485567816911867,2.9751719525068236,-0.1882667658798451,-0.11990683600101563,-0.5769464164141337,-0.5155902418850161,1.7958237265956414,0.1595108282471473,1.8022021744734182,0.3921383271546567,-2.8209459347556414,0.5525655373150463,-1.6223256017274663,-2.0240100963378587,-2.2253227488016263,1.4970839698636877,-1.7593676938976415,-0.10443378085364974,0.9416138084470868,-1.059148982418464,-0.1034414854537653,3.7548025817655377,-0.6164972801007694,-3.4253085445260467,16.08659842366198,2.9153584722517616,1.155988712279484,-0.9090284564894493,-2.4877481643818538,-0.1844058946745295,0.9595338340452731,1.3781018291069758,1.188162650479491,2.8808960700681103,1.2820984720042177,-2.030982668286158,1.9701931059437354,-1.4416602131919138,3.652945517345934,1.0832009570913619,-1.3475915675630457,0.1404998147744958,-1.6990828841218113,-0.772676278504786,3.1782886345978256,-1.8076098478941505,-1.9133188690082776,0.39582370940908707,-2.3556213795675385,1.7091255871320143,1.1326830703034472,0.8400899205435578,-0.7930199996683913,2.4065851762718387,-1.8650046179810698,0.16871215646531232,-0.07991408952217054,0.7019109692377616,-0.4443399994956139,-1.6613707910970643,2.0665071004151754,2.145505506898294,6.575962518360944,-2.0441452744006567,0.7430753842357766,-0.17272887480859725,-0.41579751215973665,0.5319454096646477,2.9712044419815946,0.3874333892457817,2.030718650184988,0.8531979269907707,2.557187843795791,-2.3704419054448147,3.4168157184968178,0.5195575959321012,1.0820215670400568,5.1504639007097435,0.29644476637017964,3.212726332203412,-0.9789006334240776,4.833360721414685,11.74808842733333,3.290433928508686,3.9357381195567767,0.06804453298185258,-0.8626918293188547,-0.40741722407337194,-0.25584180500135706,0.659890900759453,-0.017086769554182347,-1.9842207933236105,1.3666074133522887,2.8093997292000745,-0.6875067063879662,0.5150287407436092,0.8284104659610951,1.6354118550394843,-3.8378851951310637,-1.0524520355633011,2.803067340304692,6.994885349295319,-2.4995046073660023,-1.4810704985593643,0.48310076322499523,2.0537956448807653,0.6976860384161789,3.699731214503607,0.6070971555435716,-1.7087104534491189,0.6725804896859867,4.3959960532148425,2.9983800958377445,0.5112255384355744
C3N-00662,-0.6529162814283096,5.714823816718442,-1.5461074434284758,1.1557462083983556,-0.010680835208978615,1.27959522950956,2.9757789156373806,5.583467923585122,4.098747957551141,-0.16028604691733253,-1.7175171812683334,-3.8825123260156182,4.447228918287998,-2.7464353368528602,2.3867307280378243,-0.5787489754426247,1.8163759255507852,-2.214690418527786,-0.08879359193303836,5.2471041941185135,10.264583996680027,-0.18046465857794652,-0.5871770428686525,18.721138571775167,-2.566849515567287,10.019087493088014,3.942049732126069,-0.7490199464010473,-0.9519006993529413,1.507140193601983,1.6591579472322224,-0.6110466685849634,5.87401367887749,-1.521551084548595,-1.2402257371920355,-2.0733739138846974,-0.22889159389841776,1.090028691165319,-0.07571013480553924,2.5114205243830154,-1.0547259718663418,-0.5796500500953167,1.4844159900810407,-1.3254161936148827,2.606794813537441,0.9126688434973977,2.534627954442155,-1.8373075342853227,1.786578125821993,1.9187236412149755,0.22008026159705407,0.7444848921491549,-3.6709975337344813,-1.6961432410659978,7.094449839073371,-3.174636818163857,-0.7470937626058841,0.2475306225058819,2.6450965504570734,-0.34884593436629124,-0.2318347274281155,-1.002653797871736,-0.42629191808993605,1.6176091158730233,0.650376130908269,0.8495689389634814,-0.6898620154598649,-1.7650400574099379,0.32027058932967056,-0.8889874514771844,-1.4639926038119069,-1.4800927484328628,0.9775336799961569,-1.7142403733022742,0.7111409062076227,0.6709174930006603,-1.3113053320389156,0.22514279985122176,4.631419426144662,-0.4549784212421251,-2.67764737502905,15.298050016178992,2.7854091717008846,0.4507714177053867,-1.0495374953723604,-2.0285319723842687,-0.015486284343202992,1.3821339969384125,0.38209410593307463,0.9600414596560217,3.2340277348703768,1.3987280021376396,-1.998727975679028,2.382973173384636,-1.5406415071301425,3.3754165975780355,0.7168173166974752,-1.4087437350920204,-0.9472836073341144,-0.6128635791900272,-1.1934303368645558,2.822776985115221,-1.4023647380343371,-2.3573202757433522,0.13402871804303,-1.8666758627399545,1.1807041376822838,0.5564724662162168,1.0916950422253853,-0.9418757135771808,2.1001729730713943,-0.8459171598125738,0.002203391881296661,-0.12378957009080122,0.033696725411105286,-1.1685974569585935,-1.3615954603671185,2.388921818881152,2.086675853379317,5.143432859165174,-2.464769393282064,0.5318825272034331,0.22174809753054894,-0.2421728553326819,1.2649472172905862,2.9974655235650505,-0.4492727695181939,1.0844452145334538,3.4528904423139393,3.6857008720399898,-1.0224378262554201,2.09972780329156,-0.11825657181809936,1.1932411354445966,3.94103731914892,-0.422931731587867,3.214202383881445,-0.966111644695247,3.2095387827790796,9.17130331468851,2.865693676164423,2.332673167241451,-0.06602079697328385,-0.4384848844057581,-0.6378786573450417,-0.3551169416130381,0.358563874255624,-0.35980038620018673,-1.6705596867998607,1.01286359396193,2.730975203233922,-0.26892507447713865,-1.0228753979706828,1.079536373337542,1.998708147716294,-1.551697817880708,0.5601949805934582,3.025143490890111,6.9129426382821,-2.482193048148873,-1.851012264749477,1.269646786659532,1.7823240890243315,0.18988473603633907,3.2889839189815246,-0.20458148008007432,-1.583162694497689,0.7328077566552118,3.793532553914942,1.9734698907566592,3.2539922348643424
C3N-00663,-0.7504794103744262,6.150659717207664,-2.1342798930245195,1.3690550332682092,0.10596316206566848,0.6981658580858908,3.3144640759698034,6.033886342085759,3.985567318572402,-0.21504526342826946,-1.2713318993424125,-4.156156175394802,5.004540664764363,-3.140800182195878,2.492246319929311,-0.6739773774418845,1.989680046821652,-2.45020518993857,-0.08918918467103462,4.560802847153934,10.315323547987957,-1.245521322034064,-0.42055554527661215,17.227789896688083,-2.307367203694772,9.843810396361688,4.174936841877884,0.04111610722641277,0.2617407486091822,1.4631582294220247,1.7218225192992689,-0.46142715425439396,7.554549555310744,-1.1183390957203314,-1.7733050565145343,-1.9933356429022713,1.103039425307018,1.1840145482161688,-0.41406532489456055,3.4213420029102677,-1.2892329568678387,1.3504178229344792,0.012008963256114105,0.05851041149333936,4.176914535076073,0.603379793975928,2.519804761875867,-1.27523983634317,2.26949897527921,1.9068741409433958,-0.9119180099037116,0.43118648939253285,-3.53994756665958,-1.1008366320048366,9.014140191223047,-3.2056568974362802,-0.4619194707163303,0.35585774573596224,3.447956499203955,0.4045569894586706,0.08827645803419211,-1.0084553652446642,-0.6949722749504312,2.004778233407323,0.9149722613043082,0.9832756348634015,0.5621157452173139,-1.917058614427524,1.4511475750920484,-1.7861667323545647,-1.3280256082935744,-2.4585352451786595,1.5046509098838692,-1.8998954554054779,-0.037612410166587236,0.863794134249626,-0.9150943871067898,0.07323827834531123,4.464230437087093,-0.1075550095241461,-2.952464802305522,15.97448023175865,1.4651301656791587,1.086896841149119,-1.492316946036508,-1.6759188458121475,1.184598130032266,0.02286816752561782,1.609113331775085,1.366496812058578,2.663867246461113,1.5275513702863064,-1.9104892657861594,2.0776478847078708,-1.4541234796190037,3.601519185444574,0.667693865727722,-1.383555604792534,-0.48331251423635224,-0.7311748592747208,-0.4710976552842972,3.4015529902994355,-1.6694937621954578,-2.941378933131098,-0.4503104309994488,-2.3062160845260413,1.7003592936461416,0.7879927927019699,0.8209809754702736,-0.669231168912202,2.1749245200122234,-1.711759664405785,0.260901236448245,-0.21485275953564545,-0.8702699535618986,-1.001320373997908,-1.5398959158528052,2.313730806664906,1.862141089399655,6.95316718803013,-2.306334900713222,0.682244845084192,0.22424642936753114,0.0077206424176604485,1.2976570573691546,3.2597879805304655,0.4337108067188462,1.8186069820293298,2.166836864541509,3.6426370158803234,-2.097560088151749,2.952816406775973,-0.020125866862206014,0.3585849231155984,5.086948623284201,-0.19131340872532157,3.1081656545766485,-0.7150115672865788,4.759780738884124,10.529551188390958,3.3987500734379754,3.182148425921802,-0.33485658534473733,-0.9383762268797449,-0.13685723064310495,-0.46993840127097936,-0.3318684000944041,-0.6954052433820777,-1.6155960641753682,1.5422786027414006,2.2563618247342716,-0.48125999551536874,0.4226929134209095,0.5996316789953168,1.8668618107783377,-2.98779304492879,-0.22620804957700338,2.5912426826439234,6.9014410989321044,-2.8289022043711487,-2.1701337533032854,1.305603481303941,2.2128244951360823,0.5745665875847599,3.839547312804224,0.8688916451104863,-1.4036325202735613,0.41078313959776186,4.0691238313966585,3.0937447633104527,0.7066884660006131
C3N-00665,-0.40239353302005776,6.286287776168867,-1.6128487822523148,0.3849168459498824,-0.7625863698527374,1.872739367911518,4.444861887671315,7.041350331008127,4.907882121947445,-0.13958094071805707,-1.4542967826419197,-3.9234360435770945,5.7448150387674275,-2.670875059174307,2.4500789241303176,1.0544196335264362,1.9317372553384988,-2.499688933380669,0.38058329794555956,3.588949322286313,10.494390427568334,-1.15400445529085,-0.9681947068657045,17.318621307457217,-2.1992391239282987,11.140993333270256,3.8438310126066324,0.18992146899233794,-0.8501355989554221,2.9020144345033128,2.197620050933914,-0.1270039835339903,8.363544770361065,-1.328246017460965,-1.8495408565937153,-2.1959977291787123,0.47841423269446115,1.443573688036119,0.5300744946282184,1.6555071553574396,-1.069775025042524,0.8960118904712939,0.09387974608877957,-1.0978846002630573,3.3668529296516807,1.5923179580752556,2.595272353015719,-1.0560281255798232,1.0310357256372114,2.0327727918586787,-0.9513858556503214,-0.14321362248148048,-4.028162407690993,-1.4833129197414487,8.621035827727166,-2.9962503359537114,-0.35840796170556544,0.43660541344167564,3.4020460533769965,0.3822121943713089,-0.12416042850937034,-0.1157005190910542,-0.17875887672645566,1.342723651518585,0.8621395019591004,1.8015207363516887,-0.7027193409867631,-1.540964033478258,0.8708698328126205,-1.0113062278823177,-2.019398683350631,-1.4557631569035914,2.0794821672910033,-1.7427559886660968,0.43387143365099984,1.2190116924246834,-1.480871784194717,0.1426668096478578,3.5063441060017313,-0.6197442803144113,-3.193477621543409,17.14037920257672,3.0294118445889757,0.6347808391630888,-0.5420906199142976,-2.8699775346725653,-0.3396066759412215,1.4238403849333945,1.3052226704640766,2.410099045058789,2.634539919327492,1.283802418016499,-2.3869681489151398,2.58415454000512,-1.7887009750570586,3.7379493792332124,1.0764074113022817,-1.823217392968006,-0.028122525341998245,-1.0116494395717919,-0.630508193568244,3.388125789379633,-1.984516159367264,-1.7181854867561217,-0.08799689191600601,-2.436498078194639,1.4744599714947322,1.2912620436161832,1.3558331708971878,-0.9585094336958558,1.7860543381550955,-1.4656612792850856,0.6652004033299768,-0.11858287871262718,0.7454997468587284,-0.4403383442531158,-1.6197332688986523,2.0351670087052023,2.3814974360989196,6.184476505283488,-2.053189144097721,1.849616757336675,0.17954697652401352,-0.09297681898514085,1.605654395438182,4.043995767151005,-0.018543684357006297,1.2644221788148562,0.4308234554117428,1.4679098680137255,-1.819525176591537,3.5344196031797916,0.16459384413969982,0.8246408302801979,5.652508702536874,-0.10237340731266857,3.074013494965049,-1.5028879264180344,4.582562570433585,11.364006308537103,5.0708003514062066,3.9686112205798314,-0.17765083020634664,-0.9029492196883645,-0.594187838119223,-0.222459437097157,-0.3534319993433278,0.29496554964121474,-1.266943757143182,1.3661091563361656,1.6665536248730513,-1.270355194289261,-0.8394398520876336,0.8069291134036898,1.8421679300741456,-2.9896738740202613,-0.03155502371103334,3.497912454936566,7.779261823908089,-3.0766063308219977,-2.6070856309855115,0.40403889430343765,1.8815212213529369,0.9292582564255156,4.58929101703551,1.0039616964075113,-0.8488706528379132,0.757816091609613,3.9451467206189594,2.4568160796130094,2.9932645585611075
C3N-01192,-0.49729878301038505,6.930072227990404,-1.814138243046211,0.7537475310037977,-0.2982429244974767,0.8624010614697988,3.75741831772412,6.855303293267177,4.721138404755849,-0.2727083283500451,-1.6500831427344007,-3.6194911993200147,5.237458859952806,-2.6453334438658356,2.0191595133432214,0.8217262741716774,1.8485165296063013,-2.0012982235956325,0.06862544519723628,2.3533119061068857,10.600534267993734,-1.3451384264616448,-1.1245797615139295,17.287248784925993,-1.7970233950822416,9.65998111505072,4.5638734689263565,-0.500930497926213,0.00779322418028697,2.337932764050294,2.6246441635428295,-0.5913413027424818,7.7002882403413615,-1.3743873790807688,-1.63071365552983,-1.7033008431526033,1.2495612484160494,2.2203743824482696,0.2104162343743004,2.8105692032659304,-1.3605911968275974,0.9722638654052072,0.8259598791163648,-1.0102683384403335,3.939863470087567,1.4710309993632267,2.3240878793631676,-1.2229028853896795,1.5321156503379059,2.093185717920785,-1.416588898014943,1.121025997894741,-4.674059824529864,-0.924095712899714,9.024151766773961,-2.991224280249441,0.3431150249036029,0.1530380163677071,4.19892769552082,0.19402729890664272,-0.18562978245898262,-0.894809385974897,-0.3079956326481249,1.5671472812675515,0.4714351261030979,2.0145626468640807,-0.6795318666998609,-2.2330804577205257,0.9859442228629667,-1.373006214782305,-2.320454131645025,-1.8444831374644914,1.5903631912827947,-1.5343906946986183,0.7660946412004279,0.9790190692203911,-1.4558320071814583,0.03341332923103155,2.6314720732831014,-0.41906773071149256,-3.296129851628712,17.158421252601062,2.5339299136881217,1.1511993697206868,-0.8193796636005723,-3.145653393483918,-0.32528186897426375,1.1178561246793477,1.1704311849016684,1.2390845396764114,2.582849734575779,1.5273270712100975,-2.2217086365649537,2.4849686637802484,-1.3731121152495775,3.6174041279463984,0.9114109348617158,-1.441760792092217,0.18419563665002703,-0.5582496425327466,-1.3582990813488716,3.452852742688549,-1.5370970712866872,-1.8202152250572383,-0.019074642210363986,-2.4775560402491723,1.9165984724685765,1.118489020860982,1.1788651665335017,-0.6738438217570893,2.2525872656643564,-1.985347880174717,0.2561565791559064,-0.2394056498107939,1.0553066958241117,-0.10337795539846324,-1.515366649904419,1.910751923280446,1.8238732260595456,6.4227073740675475,-2.572050114360699,1.3441137203120619,-0.06142385792526832,-0.326167442369861,1.3200249534656459,3.2362649491549167,0.06586890442809662,1.9780060217361544,1.0355766158602544,1.7364491739515675,-1.8672992364405963,3.9388167369844056,0.23751699032956836,0.8252589500753932,5.583212956848001,0.46285902881422314,3.717374110931705,-0.5662290393161127,4.24479156338197,11.297039351058537,3.9111073937226766,3.560264804130939,0.13690570898392856,-0.7034083766846656,-0.3431920287589302,-0.32143982254271203,0.3028422278195745,0.2132190109849046,-1.8578906539550188,1.1545601582204719,1.5918900044795787,-0.7783050269743592,-0.3846280416799896,0.932259662857158,1.737763376089904,-4.057786413831998,-0.2879760104929603,3.3637816918703978,7.662133611791859,-2.6733229423447242,-1.6514554301245157,-0.29259762472330575,1.6630298302101958,0.7743915174030862,4.534561367867944,0.5764096839709748,-1.2451736227412435,0.7598238473369915,4.151312365716445,2.0926525458132406,-0.03660917705932473
C3N-01196,-0.42734633016952583,5.577790036611654,-1.9460462514619927,0.23734167457048813,-0.09047305514654473,1.02244086582035,4.0600606565529995,6.130589629179025,4.269509052855816,-0.23218451412008895,-0.6602290702889247,-3.5355226135401603,4.584122361346123,-3.2410409361963097,1.298634051286724,-0.5788232892945419,1.5431908536442713,-2.3351743609838898,0.4787604996904793,4.277606289113674,11.642554817692957,-0.5611473534110645,-0.9461106803279152,20.88873381824072,-2.7397888577851828,9.972652947702127,3.9712898081043546,-0.7633966113147586,-0.04209885222433819,1.6979311436383517,1.9106272715208634,-0.8564385431407555,6.772290261778172,-1.8431717645226027,-1.6697915121983804,-1.521579126725754,0.03145377493097665,0.8480926198078022,0.36215478837103326,2.736262113262924,-1.0710219063065802,-1.2155966213698959,2.530149009565707,-1.5599874074424636,3.296017345674266,1.7065071169281874,3.1462300176884885,-2.0591908819086635,1.3426727505453455,2.4124308284741702,-0.7512577245419975,0.8667273534186917,-3.2029070477514403,-1.6567830898509357,6.759370314908739,-3.444445259975698,-0.1218840751124446,-0.08930500569951619,2.596136720385527,2.6689757061024735,0.39636318437978096,-0.3779931647576729,-0.5775211735415199,1.217944658743253,3.3590499206970317,1.1300577022050684,-0.11078133680591852,-1.8327645125245853,-0.31732763715070367,-1.480150647693176,-0.3902616224882229,-1.2671375444502604,0.998937953175988,-1.8641767494944448,1.0998667965295992,1.2040051025041194,-0.9354577877924297,-0.1696070693289418,3.7190230398495707,-0.4151416747117936,-2.0507913974793968,16.278948887230175,3.6906574567307975,1.166831523812907,-0.7187956458416392,-2.1910499059261253,-0.36453236068232076,0.49602773948879597,0.947887773189481,1.817988256652431,2.6293835368115457,1.3439937140841547,-2.4656145890491104,2.1226751761608362,-1.9731323408471662,3.8809156861514835,0.7127924341623902,-1.5458761317091647,-0.80974509789324,-0.07082466141114196,-1.2470303391197541,3.42619904740716,-1.4273315713869994,-3.010474897059748,0.22864732361906398,-1.3027383135377604,0.42268411591491817,0.7273094237227383,1.8631545695237293,-1.491074712846443,1.314616822900602,-0.5659350576778617,0.29899509536124863,0.18371020228491566,0.4050787483369261,-1.4568007260464195,-1.6940303863583634,0.8764255158218814,2.228485997943111,5.5288263357100424,-1.796719646591002,0.4106350080871757,-0.04986201514344263,0.28342793355840423,0.7096479110940442,2.436208445138855,-0.1314885965076647,1.6704323609503506,1.0423245645400705,1.3131691646991086,-1.9645759207366662,1.5009208116673085,-0.7010874643344183,0.9190845435162117,2.9103717561791487,-0.49132710207881797,2.5940152669714833,-0.8582336851868905,3.1436118955511554,11.629037045958402,7.932899045363713,1.9383761805071638,-0.7221860791066034,-0.11956501990659839,-1.5254392510577472,0.10451193422042473,0.6980828457131417,-0.879327708237985,-1.5731755711602233,1.0953956839752474,2.3512147467002986,-0.20818929423862945,-0.9386177028202723,0.3031455946688882,1.6981587088285688,-2.344814651056581,0.34891424791258824,2.7471982910010433,5.8530463543319255,-1.9683358689162693,-2.266795917281545,0.9228701360117508,2.2348784653031886,0.10241711312630483,4.259193956370669,-0.43837000175198454,-0.6706372610325736,1.1912255890450731,4.070728584202206,1.9847982762958387,1.0308448066045623
C3N-01334,-0.6025174279772495,6.709115470336707,-1.6216734407131042,0.5024709871702383,-0.20626508304768562,1.2112152003310686,3.14613695378709,5.8369847036434725,4.663886710559942,-0.5616063698818823,-1.3283058196989885,-3.664903501104625,4.761678471663055,-2.7732867710078253,2.2159700558904207,-0.3938211532289421,2.0572365708419276,-1.950143690450012,0.4397475143315488,4.807575136768109,10.068726336790556,-1.741292329229775,-1.0529702868341924,14.998047933338416,-2.463525187534707,11.106562831910626,4.189699153336476,-0.6916923652232643,-0.5507603703060033,1.927038980049962,2.355962359045205,-0.3764882332536802,7.405486464191714,-1.6734973333381418,-1.3747853932201803,-2.1945026681952142,0.8421993419497806,0.844723501519937,0.27692674919566024,2.5389470556113363,-0.9832572427097273,0.875181904624267,-0.36085565415640797,-1.3413921388267198,3.339084573967502,1.8093944373598434,2.421259903800352,-1.4063774098991764,1.4374421288829304,1.955126136485306,-1.159299647404717,0.7140911159062697,-4.026139799232948,-1.0347133496950547,7.648382192167686,-3.2897533661524765,0.42281303154600614,0.09833992229813657,2.3062118021295777,0.237888170231711,-0.0912041945362466,-0.6501818581268911,-0.15026815460509,1.7314561132929585,0.38331415178174205,1.5757345627608765,0.4023752439630605,-2.0486078046888263,0.805625936378809,-1.4808881617573186,-1.754762112050211,-1.695715953813339,1.0355952949608835,-1.5933737486496764,0.4683716437330773,0.9949617270047759,-0.8235331600752659,-0.2518020602501953,4.297969455557639,-0.4333919309917942,-2.6893118371973106,15.383210934914537,2.904276536941637,0.809577476490085,-0.7567009776582504,-2.5383135858572037,-0.34336594389339953,1.0228245675134842,0.7549005696196261,1.7506311316213519,2.6254849373913913,1.308181434396958,-2.3063409519080986,2.639579334874855,-1.8550173010376234,3.5790022688765326,0.8811310202086328,-1.1707123016808751,-0.9194985546818788,-0.4927609951016167,-1.5421396132779386,3.1854899503483787,-1.7515260408381041,-1.7746126864348448,-0.1881483935241197,-1.6655759439198325,0.9112199501346842,0.9074487190113796,0.9931916939198353,-1.102863255419279,2.294513538566818,0.09110733172793962,0.4762971864611351,-0.09525340890569668,0.5524309665287519,-0.6149133899534078,-1.6030889017305376,1.6657235043816534,1.9929239060486168,6.643335619934767,-1.8607959147649618,1.0246829659065715,0.5862344867718527,-0.35962947562915387,1.773454762487902,2.519375447782489,0.3452634625636509,1.3689834988722882,2.14353585841063,2.5195410152264355,-1.7392256826252308,2.857640064495958,-0.1630530405281516,1.1571176418183369,5.381224539999155,-0.03167169093749188,2.7917281119547557,-1.2650992451101586,3.7781575384353125,10.635952340945835,3.3769098954520964,3.685104845270144,-0.2914851936374913,-0.8318800960203878,-0.38020023880561626,-0.11101282664582299,-0.20092068137377161,-0.5384869190794705,-1.354152626897545,0.9774407848742935,2.240459769219289,-0.2134484517929003,-1.0649200814258946,0.6888455596300619,1.8678117064060047,-2.1098632470502947,-1.1924649744146234,3.1682091873332103,6.713476691164596,-1.9931973424564713,-2.2699745141477012,1.2205584030822063,2.3118603558361683,0.10883184789024102,3.4798263070828996,-0.3286256867307969,0.05567097355405892,0.7258688497475588,3.782485992199097,2.651529746054363,3.0009398706170205
C3N-01364,0.13033141702703627,7.041557263341897,-2.001850531557196,0.0897586918295353,-0.3243951811101274,1.5971184822218873,3.551915927823579,5.686913224663554,4.561128809658138,-0.11445436471613508,-1.6131338248996403,-3.7918075931723823,5.31889175755796,-3.277837259489995,2.0812597245337474,0.6090945997684711,2.1238780434114317,-1.0745475882220998,0.5649469609094597,3.3630132709482172,9.833817310663086,-2.867816527166022,0.2000857278557007,14.501746093631052,-1.5999354871173783,9.671355962775154,4.464541301456665,-2.340669762848923,-0.19707960816543355,2.15389179908929,1.9567508787160146,-0.6731621456297878,8.401657103626702,-1.3888250778881837,-1.92906693590358,-2.6210693113583514,1.2819318805969295,1.676610399985601,0.019306873536310807,3.1274381128269706,-0.9541298598484536,1.2967756538005466,-1.128326393487376,-0.03461128644210945,5.0154708558090775,0.7527056002844392,2.5147836980460783,-1.0540142700083428,1.1982893295989476,3.2869290770659148,-1.8732770040160571,1.1012991333696425,-3.410226816492062,-1.4472054676815973,8.109424162920964,-2.9946003648465895,0.4421821062286628,-0.16288404227842845,3.3546645945456812,2.366258873872304,0.35893284532308245,-0.032751641772394174,-0.3350880708926919,0.9048184222405757,2.7058273124508103,1.8503832194956082,-0.2728231025140719,-1.7200189802031114,0.7017479414700991,-1.638107050741097,-0.3547670288350915,-2.108024565103374,1.0481515344583248,-1.5853850152847195,1.080407958592413,0.9464878476230448,-1.017998645247365,-0.27069852047868204,2.9869089814650636,-0.05503929936276195,-3.1169182646533344,16.150796809400223,2.193923758088093,1.1864681876303664,-1.2303615530108207,-2.4705114284817244,-0.37248561065852714,1.4418945979187527,2.02532394723331,1.317760599552503,2.5489576001807563,1.6999052297572907,-2.431425790665225,2.709692568650856,-1.7888888509866812,3.690638590755431,0.7888829951122369,-1.490879063715291,0.4011764679581866,-1.451864551351283,-1.1071428338797666,2.96967114434136,-1.769153731584249,-1.540783198186238,0.2600497468236876,-3.2772665231319293,2.198928325174353,1.2225068032497088,1.1483228420006986,-0.927437345547178,1.9589341833535872,-1.4664487013847107,-0.430202962683774,-0.24170608628885049,0.2289046098854824,-1.4662639271835223,-1.4776104408728175,2.1223706118060743,2.4350415384926394,8.640659388065206,-2.2569496824501853,0.5465008808584747,0.0712129321788525,-0.0963245198277534,2.4597477374055323,3.5910200196223125,0.9745198383111037,2.229285519976866,0.2545732330475558,1.785117035148941,-2.313692352894154,3.984631382085137,1.5756743438084426,0.9674050033667545,6.7158242562284896,0.7856394202589957,2.853811269144261,-0.5213711258453233,3.7893003117032924,14.023809340686766,6.505240206295105,2.9983638331582783,-0.20021191392058643,-1.0013575544644737,0.29481696946685815,-0.12392364715563382,0.11867997995858963,-0.167003128993267,-1.0443816932351444,1.0195229536899955,1.5845293507792098,-0.30839167766560216,-0.09993624735215972,0.5540008326568875,1.336625048176753,-4.3677569950614545,-1.0848671443029205,2.8626305625398643,10.83253945501747,-2.5838118346413452,-1.5972427415861241,0.4806467319664513,2.934937484006615,0.5633315125914036,4.198169090007623,0.5643605162312428,-1.038018361352344,0.565517487363437,4.345504056137813,2.6533308560495876,0.5118847851132201
C3N-01366,-0.5667845125488823,7.309143048024154,-1.521722167978374,0.9385701351781771,-0.0463514473801462,2.632430883104482,4.090399519887382,6.804181705992976,5.618168644221951,-0.16062790689278603,-0.8866828779678743,-3.4771740401461186,5.387933429349286,-3.4521911800164227,2.0436438893061744,2.0514724020742805,1.6682185879829794,-2.8228695867255946,-4.799908929148902e-05,3.116543527288369,11.238327887942454,-1.456614536606404,-1.1416181886340984,18.26512831293389,-2.50588526316414,8.427124649794722,3.6282599180957362,-0.039691624267744426,-0.9109916066017092,2.2604223729579975,2.4973969352293013,-0.3841657326820869,7.068549028440249,-2.7719757557202986,-1.8040263304795814,-2.4315222775041003,1.7377381821760074,2.102124949044638,0.7326724358352833,2.286694669993241,-1.1315129678061806,0.00020252351816149881,0.6720646488461106,-0.5001918047835827,3.4072366266011307,1.5415430967001043,3.590543987063378,-1.8268852032478746,1.6618814643527586,1.815465935260056,-1.117076223436601,1.4087477627369704,-4.120653657751817,-0.9526217823379963,9.787501566697307,-3.236430450244712,0.2196673218429774,-0.07722520823682015,3.257935132409892,-0.7903606340314423,0.07512212878256934,-0.5249702731446528,-0.697557934371677,1.9305786165149355,0.19285215432282762,1.9826841968958722,0.1488565467749833,-3.00641869655188,0.8667846479771429,-1.8464393638418175,-1.5708855336397547,-0.5068006345822489,1.9541159984970229,-2.0296423051642614,1.068497895348723,0.6879464579530953,-1.0638716717541497,-0.09885709314621592,4.91243505774204,-0.3359203633340982,-3.5912533086040397,17.234227243101788,3.7921325980382203,1.0796964807633784,-0.682500846983803,-3.0703192096755183,-0.1787111661219767,-0.026464986111892838,0.6592901553753517,1.5570642021015617,2.4802304037153435,1.4425468099467693,-2.525165410079948,2.3162594595815253,-1.9104422706665563,3.827711574812404,1.510325468629423,-2.062580945393055,-0.6130952691627294,-0.7545557936892253,-1.0306614364606492,3.698263925005147,-1.5718226239524802,-2.259976100254471,0.06685134334838704,-1.598614534180435,1.5471239130138361,1.5114156508732481,1.3750979750730106,-0.7494013645854627,1.9859533715273654,-2.975104598522981,0.8923284755005256,0.05531470986156374,1.3380958978974065,0.21136605904135974,-1.3496254992255636,2.0016712422209317,1.0655456383229114,5.218790446227989,-2.1858008461318956,1.7235825003746805,-0.024544626133793407,0.3230551103323869,1.242498228489478,2.4862777907192477,0.48146118058723514,1.5920253287759534,1.7147733110644998,1.4843420848672761,-2.7283699149470553,3.3302026538102765,-0.008026708965359723,1.1358797069549917,4.673037011734642,-0.40809923742260396,3.637883845087277,-0.5441383436930468,4.628825593575863,10.337878200873998,2.7870064022859697,4.148929825432973,0.1613328665172516,-1.1172086915945751,-1.1906765432417972,0.12698083699841875,0.4103774864498956,0.3877292156747822,-1.973207959957142,0.6521315418121519,2.52678765661109,-0.22372076459573842,-1.105880163842643,0.3178321411383477,2.49407391621457,-3.460481874066624,-0.02223919070616725,3.384243589693019,7.6863803122172625,-2.8205939368304636,-2.1305933696110313,0.32614706461063503,2.5010997039107234,0.22940440296464296,4.0731166926561375,-0.4162766713688846,-1.7965859175515901,1.2381507151350197,4.285772689253221,2.121155324490367,-0.34030831221800684
C3N-01367,-1.224357489408122,6.632479534137588,-1.4188185083400295,1.1714921965246,-0.7906865539747522,1.4982698377778383,3.0226707852274286,6.054597643332546,5.085582186035952,-0.3810930369392307,-1.898259352392265,-3.9265765441425358,5.917418864967071,-1.8823333962553022,1.9029044926749965,1.4610777449489825,2.15152599975385,-2.182953910795564,0.21246343080938596,3.54691608331251,11.110193661296092,-0.9737903447190857,-0.35869581078387464,18.57369482638089,-3.011692336721459,8.672436177102005,3.661780717806803,-0.8369734813336346,0.031986017234325696,1.9731309159779697,1.944654626265006,-0.6659706974491657,6.585279948671994,-1.0148705162865643,-1.4616559066506358,-1.218934092440671,0.2028513983441472,2.3902479733762925,-0.2001679073387504,2.941829906043864,-1.3140319050034273,-0.02706093074932773,0.9703100970664336,-0.16483320515120306,3.764626035113375,1.4563761745588852,2.4555760324070817,-1.899698400884908,1.6250522855059448,1.8781052120553314,-1.45759077400736,0.30184252258339656,-3.9800762395787483,-1.4457011024818425,7.514831103737417,-2.816970227136656,0.39767973134200113,0.014184570780701214,2.6686858997013068,0.3366888951736647,0.38560130481920646,-0.35720825399075135,0.0839543409291581,1.6541525613664985,1.6058321130581126,1.079093148746111,-0.2293218510849862,-2.0611090879510545,1.277343750003589,-1.3249647421406308,-2.6569034850922186,-2.3703059538395332,1.4421288285037153,-1.241549994645846,0.025472633225077385,0.904082817623254,-1.1413411524848889,0.43316170393500963,3.93018820949633,-0.2686844560565723,-2.838882686208183,16.43219524811068,3.341554042128324,1.162438566896462,-1.621081457804223,-2.6112965525503644,0.6298607357953973,1.0702867448530877,1.7185012386497018,0.9996282549976881,2.8744096553176535,1.8161161184179953,-2.279679060737127,2.289985642412054,-1.7586610772870865,3.7373969366558017,0.6066290908515449,-1.3123543413403589,-0.6687480279708786,-0.8779359740357298,-0.8244376528810033,3.3000222017241514,-1.5109985356787454,-2.5209332051121627,0.032866731887767155,-2.168807407069087,1.3283342650155483,1.579719443827715,1.212345124472311,-1.2989821571179343,2.01704227958874,-1.4085405790809218,-0.0931617145021296,-0.7560781248456467,0.4749676905432594,-0.8839364262321495,-1.4694352362340541,1.9003052389928439,2.1932731335034488,7.849896962264135,-1.1901905422054706,0.8217117941167857,-0.08672693374809658,-0.2602494899303475,1.1269770309838183,2.3859444460490487,-0.0029227831980743577,1.0658416747170576,2.1563366265949844,2.3875532935471218,-1.7483153422978788,3.242725908839901,0.4828068262976493,1.068776575732667,6.139390076547144,0.14641152993160977,3.000825221021122,-1.2883410373641713,2.7459048574834304,11.233897481145513,5.069312014145256,3.6850106263544253,-0.04026325384750992,-0.8408725275559095,-0.8200251723115294,-0.7317816340826686,-0.5957405910176633,-0.06436446126742612,-0.9780082728222238,1.4070721647418805,2.044145873853903,-0.26425303260026667,-0.28049521362867047,0.43133089673430636,1.8256237731243499,-3.467853806940213,0.5516546821328655,2.985923501971982,7.419016992041315,-2.3216192983814734,-1.6976583152899103,0.9197957313177444,2.2353459085937613,0.5382976222756939,3.9332451936255906,0.700182215950144,-1.4648528145875601,0.7334143724706551,3.8078771701317544,2.768527127815176,0.6958695273146056
C3N-01368,-0.6616912548970559,6.580008353164953,-1.4476550122099945,0.9247498528596002,0.3245359762893232,1.0018194350856453,3.060697829351662,6.118845906033339,4.888298315013079,-0.4141648390458701,-1.5748091410923166,-3.5716932023656605,4.964081197123698,-2.976066072149251,2.277799750040939,0.8643028465267997,1.8819717423487745,-2.3311434446597876,-0.04436407243581985,4.604567652225066,10.981146146512641,-0.8728099982157617,-1.0459990019024166,18.17193672426565,-2.6867171582684417,10.29344959765722,4.386060190276058,-1.0084909258094077,-0.8944173125558431,2.1392022027633413,2.1214646812784324,-0.6954029849765632,6.801084379245449,-2.165282832427756,-1.5392691779540457,-1.9288155322059826,0.18710753448520245,0.7462106668115911,0.1975346858640728,2.789756940745333,-1.0383718653532703,0.6460194504041276,0.5659342691810413,-1.2573672183722278,3.3076196352850293,1.7911490651132667,2.9687124657927164,-1.9354428276092703,1.0422192919878377,2.5594543256078626,-0.9280086067664388,0.9170377427067358,-3.7159727745358713,-1.298929629056728,8.102247497394336,-3.0775934138033287,0.6147921799469742,-0.35197667119397447,1.8914883312826356,0.02666252363099165,0.0036139054889043867,-0.9335219981019774,-0.4871815578712762,1.9771242965520301,0.8966245225074113,1.5668359446100262,0.4132988697559739,-1.9705731621614329,0.5202015103133688,-1.3042354941119663,-1.4189716186770502,-0.07078914200452112,1.5034458393121592,-1.9999791274807568,0.6100434145840685,0.9807151021718507,-1.0181523635644836,0.09439634210279002,4.804317917009068,-0.36578523981343797,-2.521357710054827,16.01125740812822,3.4064747668318236,0.895039980808563,-0.7181133287721588,-2.2521198720002387,-0.49692385046885595,0.7506127732765671,0.1559442042404344,1.3506439216704764,2.900429968874968,1.1933641794646643,-2.6218150346205453,2.8707852664145297,-1.745619236746678,3.5969374214614738,0.5226882799348176,-1.8123550496053609,-0.870421610556086,-0.7893190225856066,-1.2759571557777345,3.2961226119778186,-1.6172345514286937,-2.864598312822678,0.046077246552680515,-1.5660846284026326,1.0574427700989346,0.634192371452708,1.384491992403121,-0.709586748321357,2.1988071104596236,-1.269456488982603,0.46040795066395607,0.004024022962694092,0.22730736766523368,-0.3081735879845105,-1.5856180290581492,1.7310386469038335,1.6678064200401217,7.01419134093899,-1.6910308001021088,0.5010813165183295,0.28937589001824493,-0.5112395829973693,1.5783676160774556,1.8066010259077738,-0.18413044719586752,1.0905625588860688,1.3180267940713488,3.2947480827850892,-1.811031391344757,2.8756899883649645,-0.20595529389366077,0.9564294603480828,4.1788443957702475,-0.4973826163256994,3.187805063355802,-1.588228370472364,3.7732301060749727,9.601394207281423,4.285915745900566,3.7835191266439097,-0.5873341272057608,-1.206639114629406,-0.7367698416207872,0.1988659186527084,0.017593626562813554,-0.3156548895699154,-1.7529355919830196,0.8599583143282775,2.2915973705367505,-0.41015813431553116,-1.0422666424052467,0.4731802715797295,2.244553829963436,-2.548348598996056,0.23067100049654876,3.1821239416803375,6.50514317354832,-2.1021511354509888,-2.2569065890975173,1.252725461227584,2.2119311226998715,0.10027878771519548,3.394424716126821,-0.394555033980116,-0.5195521063174515,0.9352421090003054,4.09864921335112,2.3603702144026526,2.151214271769908
C3N-01369,-0.4383636334476388,7.202195780373393,-1.9549202744450025,0.7211891201342175,-0.6394743255414651,1.192476485866874,3.419610326904534,6.70330684332645,4.805530113381151,-0.024189189141441424,-1.9087024120029215,-4.114580356216062,6.937695738854802,-2.144131291242665,3.02675760724664,1.4414207653829045,2.156210826717433,-1.6869223063327812,0.5882364598490611,3.4997082601558414,10.552121511618086,-1.1438780453247859,-0.9071940574046767,16.80274228429605,-1.9429601554143665,9.747827748854752,3.73784632377948,0.012640429599580167,0.3891767131402995,2.673919126521563,1.700388758117628,0.3390869631839799,8.414176451181612,-0.7122720479702838,-0.5833517230930654,-2.11360679831299,1.358879135051124,2.3180071399726523,0.28782728814849234,1.5163219978688214,-1.135719349559337,2.8786429626583425,0.23503795609762668,0.37523605723372544,3.7339598833117473,0.5484246637474195,2.1045901127581628,-1.4956962372911378,1.043468818802203,1.5895397329513583,-1.7761468612035052,0.6895427373148822,-4.163812168972671,-1.1055810978639857,9.159793373528176,-3.2150828413247505,0.23924795715758992,0.663880735521082,3.3265986057981873,0.7497551805665059,-0.041051869644523245,-0.6220336349033756,-0.3172120764285938,1.7622692064388301,0.9825022291045218,2.3550105214705703,-1.0364791051138,-2.3018582951877224,0.9606710556276623,-1.6238102615530834,-2.4037306318031977,-2.0396917314224607,1.6590216710536025,-0.6881267785605094,0.5454287759121603,2.0445776889018066,-1.5069581481120538,0.003863243138604094,3.7782416794980636,-0.19080918949203377,-2.722728471279667,16.99554084308656,2.2835366335354523,1.147355935934766,-1.3556253022393607,-3.271531453952634,0.34051736040094693,1.2829712855424489,2.2629470289744775,1.1734028302400783,2.228466842057514,1.6968156776815475,-1.9786342767575569,2.6575794688119077,-2.0783254385752827,3.526340413472478,0.7563346006301349,-0.7352575650055655,-0.117769697606466,-0.9294268182778914,-1.0728764094841017,3.2244521628699294,-2.084085856718806,-1.7697860870627702,-0.10049808751427694,-3.49008101505782,1.5431587597267677,2.322285458987114,0.5837285323075558,-1.3787658433232208,2.526899117782471,-1.4169822057016237,0.5198449814863733,-0.4900899357436129,0.5994354914803143,-0.7230746695458767,-1.3578917409038556,2.458448987753275,3.0063734903098083,7.725088336867242,-1.371047144509183,1.1509823104521348,-0.2613165825647605,0.39795445005028673,1.233810722702995,4.778481288480655,-0.20127686328882924,1.1192654387215648,2.301387806464445,1.4113774579537288,-2.439059931804981,4.825673218767471,0.8472921902948879,1.057662960408201,8.357538965571324,0.09868342196784935,3.251892078208747,-1.1194016711564378,3.7393610210418706,13.318593872626218,4.814204099845254,4.293864301484266,-0.057819460639080285,-0.5263013699073883,0.08812425671067563,-0.5968611756796814,-0.3524095325923232,0.23884279012223195,-1.0559561944183824,1.1006523433623618,0.9142408430888345,-1.1357874821666436,0.6562297682666222,1.3758789198438524,1.3825094396363706,-3.5067229330117264,-0.33978221781030227,3.3227714847877916,9.139806167907947,-3.0466623981489738,-1.8838077115872363,-0.5098952412833295,1.8840175779994621,1.4753230428154303,4.26480478041829,0.1329309493272038,-1.2398659326821364,0.7166535960240311,3.5908824534262993,2.484919287093321,2.1716834355878625
C3N-01505,-0.9002905061008954,6.541840299564192,-1.9119846036637662,0.8621108550945982,-0.11891815233705204,0.713921865114922,3.006765351405536,6.184853892531983,4.516495065452968,-0.10683934173564005,-1.9017266340630143,-3.7676091019540787,5.733923486753409,-3.1734765800830074,2.217358929413056,-0.3553059714299336,2.0943758224355378,-1.9494590118314554,0.29673123466696644,3.898969389038702,11.172544241764093,-0.567880849033685,-0.8767603988024429,17.840411353765937,-2.0300504111790567,8.852078596089594,4.226473852409601,-1.197318950962095,-0.4094517819508948,2.3238792441140874,1.7103454135308,-0.7222099892895217,6.968844367048675,-0.9207694415455596,-1.390136635478458,-2.520324044789059,1.0629973748182466,1.665230673158365,-0.44287004893586024,2.5245120958386478,-0.8656298826294827,0.7946299022275903,0.9080473578105079,-0.48958315081241477,3.466181253742553,1.1777618016028288,2.3986056153493425,-0.6385777804512096,1.803050503145566,1.9627282671507713,-0.463184508287343,0.22990493057800454,-4.460018992536733,-1.714114545016429,7.948055790222763,-3.1914727314860656,-0.09049584081266573,0.04008023836170221,3.125826085153939,0.4074573249497922,0.010307144679241494,-0.4633915277617973,-0.7419647052925935,1.1629005714210998,0.4569110940873597,1.7965825946488105,-0.8398745189021075,-1.8614247039542287,0.3708125877611662,-1.1741773904991581,-2.20018932229589,-1.109402392513625,1.4839906566305214,-1.5327629694218603,0.858778150185405,0.7757876892511715,-1.4952557864445892,0.11540934154033608,4.022221397111688,-0.41247015213173477,-2.4770028985216355,16.568309950557026,2.5393997404192366,0.3667768033257093,-1.163597758629987,-2.6152687795792957,-0.032313417189692446,0.958179504529607,1.5682631298338956,0.6763907113273933,2.789755328013701,1.5831232643917001,-1.9444835434586696,2.206454010053755,-1.4774391430211913,3.4873224495453474,0.8755525559581699,-1.7153340541708109,-0.2855626638844519,-1.099633238957481,-1.1797821867933789,3.24028365537273,-1.6226268445462255,-1.777324081810256,-0.08149574933497963,-2.803277830826317,1.8858096773410553,1.1924832582689935,1.302818746636715,-0.931515507813694,2.359829247227591,-1.5069232722744725,0.38048643383522396,-0.2531662901401072,-0.10886457249458223,-0.9469612336521162,-1.1444497226051542,2.540207759287468,2.5599527811679805,6.659188029874009,-2.3410957909619055,0.692914299183847,-0.35520252483192327,-0.3436794657897825,1.8315600302244526,3.009609218677417,0.6233918569358708,1.3461261480249045,1.9597322586348307,3.0971154002809724,-1.1904922216181506,2.9799153243828616,0.6287978723177133,1.2100712869755348,7.05451521559718,-0.001433953585526945,3.0426289937008706,-0.932161302932165,4.469688658830434,12.22458988048152,4.035011531901268,3.487806524215994,-0.004914071106852873,-0.8034211845664812,0.03876766913261456,-0.29499874121264963,-0.17781194377345988,0.09682351691229724,-1.2998332527731737,1.1160233322387991,2.2727750392034816,-0.3651106035191809,0.17440253672716435,1.127954097629155,1.2628986988595379,-3.7547188093602917,0.3652561790336001,3.2316047133882115,8.44154185122481,-3.114848387719261,-2.2400049080417452,0.45177623326317673,2.0791187019665593,0.5830821260156943,3.809414144914906,0.23776775261881383,-1.8670811947284063,0.41500088287255077,4.21266384517532,2.372138174768278,1.1389628827329024
C3N-01515,-0.8343409847357347,6.855338879230036,-1.4369017784753768,0.7081482130257296,-0.6715083573083627,1.6951895022285488,3.722830121341299,6.475279511794828,4.58366164721397,0.21853042953450705,-1.7337567349907719,-3.9274932915117704,5.478194206292544,-2.1971210304108157,2.8012275634379136,1.4496619849107957,2.1357317604337562,-1.8987630728761438,0.42968462289711407,4.329749250412834,10.508158812899024,-1.2179358657025625,-0.9353088785891285,16.671328889059467,-2.214154533621338,10.093448492972326,3.121427469421396,0.4452402946600677,-0.4345753256048799,2.581573425382046,2.6971274822281237,-0.2953458927081736,7.019827061669429,-1.512831821726025,-1.8707971483466788,-2.1487020832021475,0.44032313369426096,1.9816302303542028,0.1772633754251938,2.340806922489748,-1.257524144807051,1.37276205170153,0.28261444575355776,-1.3009733408194892,3.393416753143953,1.5371173448611706,2.597003678304158,-1.9327562703822567,1.707369818909816,1.8780843498943818,-0.981213489950371,0.5198375058717205,-4.735714727907649,-1.1779983569137507,9.733085996899664,-3.4260943931535834,0.40193056314714376,0.18977727917908577,2.9504755870707804,0.10061869855313324,0.12741646163860834,-0.9672423942545388,-0.29061498643470646,1.7146553046613993,0.6335278485115018,2.420694967925267,-0.1457936716565237,-2.066735067475418,0.9276006453596759,-1.271770442490536,-2.397288376233639,-0.9764595169469649,1.9218457804488855,-1.4281676392967662,-0.05063829197939384,1.37350107145072,-1.1883856387326703,0.19945782374908896,4.283441972950144,-0.22298289378324013,-2.5436957050175826,16.26287089237998,3.0308554076679273,0.6533052215413334,-0.9532479596141278,-2.9396859530063613,-0.0579664835102163,1.2079376059303468,0.875780917866907,2.33060475826587,2.6587841689857226,1.5414582479208392,-2.5336024749139914,3.166540734209995,-1.636347018874419,3.5997974246981213,0.871427538129382,-1.1615878355397613,-0.32873234621655234,-1.0707030513422342,-1.070003630192855,3.2993547016112306,-1.6272114838318428,-1.455733344702535,-0.025277284500802816,-2.170826134926341,1.32572110875239,1.1860418423271424,0.8702512092907706,-0.5336101568224496,2.461354489494453,-1.5123881596710052,0.6752250542772862,-0.38911822211635905,0.7619799712783236,-0.3539543269042935,-1.407198257212942,2.447210086902597,2.6325573949901093,7.382383267286586,-1.9563824330191042,2.002597007964549,0.565303155524843,0.1362262571037544,1.4633129041638846,3.360968547498712,-0.5005512033348823,1.3010437704628193,1.2619275581915506,2.7560401922192863,-1.4774489954484014,3.2542925962525757,0.42866243998745673,0.9179218166771023,5.309916539443973,-0.33250736409582765,3.19195084809855,-1.3605447775418695,3.623338138401574,10.762742310935748,4.400108263344212,4.4394175565686655,0.2434221716032639,-0.712076257866609,-0.6975754978003651,-0.708133212280145,-0.2457556645079035,0.28695338055132213,-1.7221064073620664,1.1650790966209186,2.3962975157786626,-0.6690445976220925,-0.790646051619146,0.7720777817318218,2.1108389467941486,-2.8471897177340155,-0.06393944938457545,3.0914871083482085,7.453452630375718,-3.164233363931231,-2.2561293912029083,0.04938198383387303,1.4256425238754604,0.9768695822942522,3.902169727364817,0.5657517963897362,-0.45320677127885506,0.5972271199237181,3.985746971207821,2.624458225664447,2.944215863716652
C3N-01517,-0.399710905352145,6.531447560601055,-2.343997051078708,0.5906962852651374,0.08532871956085915,0.8593788104645687,3.0517791055523555,5.414524142263893,4.292805987616908,-0.014204466539909295,-1.1336329261395692,-3.3042720093838858,5.28094676406859,-2.888534264140649,1.4949855315840406,1.3132687071020632,2.2844012215853406,-2.131797699698114,0.19934039753619603,3.67109632210022,11.200306452385744,-0.687541922899798,-0.9799991169103125,19.10584667554254,-2.5092976753662626,10.848112822784719,4.461032221122839,-1.5270405421043964,0.28718914005373486,2.0415591405794755,2.168746245757109,-1.0615007638836167,7.602705163632028,-1.6178435024134974,-1.9778527774189936,-1.4132842716112493,-0.042078254035115434,1.4829246373175768,-0.002596931254745452,2.5165818078901,-1.2370971476646446,0.3817164703685189,1.7260739431382786,-1.4647603260168198,3.891844992728439,1.7573129546057131,2.57807519249607,-1.2573519415520313,1.3325832652557945,2.866712597655655,-1.2292035545524647,0.48594327231207995,-3.9343538082595066,-0.7794605860717705,6.963672387253801,-3.0477076774536482,0.14313704972428168,-0.10376809976619245,2.7333993129150858,-0.3626394445754905,-0.012119492759307331,-0.6205100204712628,-0.5348129227922483,1.925622274616684,0.8363847219265862,2.1030373266531583,-0.13903852739046252,-1.4233842589798398,-0.12197185051267107,-1.0302843978978562,-0.6716870549566352,-0.9060160435989951,1.1099842330776182,-1.3357235796072942,0.8498726505576498,1.2859444510739206,-0.5432700418055457,-0.21584921331565649,4.034503448311371,-0.784001917124943,-2.646413832460765,16.94765729554483,3.837838731678684,1.3085938966778246,-0.7004466410754592,-2.595551292889099,-0.3232309972537777,1.0025122180335484,1.2341575638780595,1.4138958281431273,3.1416727304230854,1.1917862549676619,-2.5352753164189106,2.629530727634965,-1.575473981336633,3.7724185714896,0.402124773844033,-1.660077738351561,-0.5578198194161897,-0.31396912256577864,-1.1189323262434197,3.2744639374025257,-1.5925730204786257,-2.1774868495484987,0.24560573518724835,-1.9426523010194392,1.118010959803421,0.9805929175174213,1.658155251631438,-1.0778639213949157,2.195662828216313,-1.2784093431703143,-0.24934435367747768,-0.12963763629150618,0.07471616994160596,-1.0955772366410432,-2.053733117182088,1.2711381960448156,2.2722627846521624,7.263314977101083,-2.125818456949263,0.058845623429293475,0.13857811477078702,0.12114868055550478,0.8454231122442705,2.447316746217295,-0.5812154084269269,1.8311809999763644,1.3229693193569703,2.4872590653086823,-1.6738926505775855,2.639134257077429,0.27690273337288596,0.4746598024826511,4.506177925479176,0.4546380199855883,2.699865769304289,-0.9512082073219905,3.5147003659197797,10.70868325403692,3.9807872302356233,3.262033442627744,0.10990615845040332,-0.7082639223548978,-1.001030465857583,0.09983319164689872,0.5130228747977778,-0.15460930667204775,-1.7794564380625069,0.9593259341107905,2.1117226103458067,-0.10325188526433285,-0.8991903501533368,0.6098392812235529,1.4812959590391677,-3.330804066541589,-0.09968812644523219,3.5542198762555746,6.5409862846388735,-2.4524976466591926,-2.383796118929971,0.4644636585926011,1.695988483066034,1.0670096252399028,3.98500008484631,0.11470281214308643,-0.23596189258045358,1.5331947885267054,3.57209110506973,2.2867050219321645,2.003147609841255
C3N-01518,-0.47447846250207004,6.606055866036918,-1.6902289336357772,1.174938200276235,-0.8428580503344484,0.13601286525623457,2.9245288871207515,6.981481921325201,4.515426204017498,-0.09480754667949828,-1.7500587345559364,-4.098913076401331,5.859027785243855,-2.105636071668366,2.479561383760948,2.115655519293848,2.055672593873779,-1.7626401441896618,-0.010583070794664178,3.4332869017785974,11.214071197350334,-0.9723810438529328,-0.12618826558178944,18.826742837677852,-2.4387848194370254,9.379710808130287,5.012359655934768,-0.7773617995571357,-0.8107302438481698,2.1300516702400016,1.9097791701172617,-0.14368038226034888,8.365670986714422,-1.4090772208767317,-1.7616662739138467,-1.577818775824307,1.2591985924524582,2.3196422006276687,-0.386791013809786,2.7214070606155976,-0.9954599499094182,2.583197535694389,-0.1303373904449584,-0.14047247945308478,3.609112421829332,1.172476994175228,1.8758459323033967,-1.6050505822085877,1.6887225166624193,1.585982432507875,-2.21015873685212,0.6380064183419345,-3.9463177186266796,-1.066130439422201,8.206992689201423,-3.3733122101266435,0.35427845262761914,0.5158818735163081,3.9847433553156923,0.34399391211024816,-0.02876095721422324,-0.7059358664954067,-0.38206924900563854,1.9017366825126538,0.742234485203559,2.118790309757869,0.27579501753878327,-2.1192731585715747,0.7097264996278778,-1.8802654634887908,-1.830422931001007,-2.046023451148035,2.3756593661211665,-0.9569887551648129,-0.014248077377138419,1.4164482182154925,-1.2284562976512872,-0.35863538339306206,2.9886332124045207,-0.3062735341444973,-3.1997573851448466,16.603494860985066,2.7711201035749986,0.966521618002012,-0.9182634428275573,-2.927615705174583,-0.21710770537097449,1.2995110370185912,1.965858816377665,1.5338939755809688,2.4277479270021014,1.532374820478601,-2.3709957011130416,2.706023356100735,-1.9166978127571928,3.627090400651704,0.7590025457118521,-1.6418095524759324,-0.12573151838965488,-0.6594690341628566,-1.7449532524143516,3.4128572436325686,-1.8785286448385377,-1.8263161121666525,-0.12194409353100866,-2.9173889662528816,1.6515571708156218,1.6635716706884707,1.2298301421788524,-1.0273781992028337,1.9214273012781795,-1.5730344645992653,0.5208777884446883,-0.38818924496174473,0.5567028677915683,-0.4022112410376492,-1.507787415390215,1.9390397215263193,2.112442404106045,9.09683117646249,-1.7134828507343665,-0.005896651086564606,0.10127822815878763,-0.21885668072995693,1.5369677275602942,3.1008771721742914,0.9235627978145514,1.4289751718889785,1.312590862185259,2.370384061580225,-2.039674550771328,4.294298525656924,0.6471777461688546,0.6679208716499319,5.657290376246322,-0.2735120595277901,3.6135177727452312,-0.8618422532449976,4.257128370441604,12.16564079175305,4.324881815434959,4.316351398458639,-0.33127745668180747,-0.47412123457724403,-0.48330664073261914,-0.46250820889096467,-0.9872015637900652,-0.22889320973881283,-1.2959003195611563,1.5969791670405153,1.546645928292149,-1.4054169538578487,0.5656417892560879,0.9021710000543484,1.1582531614428828,-3.729448193486589,0.24662972123797458,3.2837197396173186,7.492903012797305,-2.556490627042773,-2.8446176811937116,0.8911227635300325,2.1511971018157308,0.5618659663844242,4.330502935117675,0.7668476947380761,-1.4723611417610738,0.7330323164964172,3.608394152241823,2.949445127377918,1.017107252436366
C3N-01798,-0.8348586990539991,6.304151926383496,-1.7223492278477543,1.1910153237711867,-0.8363033272862462,1.3174410069516502,2.289730280284431,5.63562610148336,4.844840301836446,-0.20572873789122192,-1.2466862924744426,-3.6304336347615385,5.091180589487301,-2.6959831385723656,2.1694305683474195,1.6625057881752656,1.8223418711324937,-1.56540649192587,0.0994557094226323,5.246347159772433,10.84364217022987,-1.0219260041772122,-0.20219703097884792,17.6566691106553,-2.466275190195004,10.39658644242409,3.8828712888309926,-1.945699809591649,-0.6253517244148706,1.9605238676137735,2.0211943128661813,-0.5260991117930083,6.637264246935952,-1.7177017187268655,-1.4627069725363373,-1.7463013162279224,0.0166430871546832,1.470137325367445,-0.7093850201739607,2.5662158068715675,-0.9532034361259347,1.0638207904921229,0.720085811132282,-0.7139255387953359,3.893543800674366,1.1558475054047368,2.433296402366707,-1.7206127617773417,2.1069151042968954,2.406996901066646,-1.0862313763739446,0.2424894897885056,-3.923683305685998,-1.1045084883287706,6.976011832674742,-3.2429755360780037,-0.04631428504485448,0.24518634802449848,2.243240113638449,0.15487919790957141,0.0486141279385415,-0.32294603063777544,-0.12124008179667776,1.824784995420177,1.7785585208828,2.327122066190326,0.8956726026112843,-1.8033224733969428,0.4307669925242377,-0.9172572827241939,-1.5379842648856208,-1.1116472050277362,1.197649203165801,-1.1513236277043186,0.7790888500848949,1.2560208445969807,-1.1931767443995263,0.2971645147819167,4.284764147186455,-0.43587275141378834,-2.973047487347863,16.518952865682785,2.905506399935638,1.3302202987278522,-1.5837726510761603,-1.6310995984768133,-0.297976864219748,0.9603911737469922,1.6883031791246959,1.2265589280857778,3.0854865756815095,1.2817282693673062,-2.384404949290918,2.590636189597934,-1.222197666743911,3.616278872614356,0.5979892365831098,-1.184551206501095,-0.9556013440486524,-0.5805203384811273,-1.114733056331513,3.6599604433786883,-1.2682196898405986,-1.688236338167704,-0.23407019585359257,-1.7102416058566607,1.1039866560771354,1.2622225933991766,0.7707446718488056,-1.0628443992211296,1.8272001176869794,-0.2992646670134775,0.3952551682282678,-0.3249086317153415,-0.15070775585607643,-1.095973489462046,-1.229067888940973,2.136948302479697,2.4068295120664347,8.944530889328385,-2.1168618589833623,0.1835673359519073,0.09208765047423309,-0.4075676882984506,1.184212537103344,2.0220575060760226,-0.09826740879032797,1.365258235343525,1.6998349051904802,4.0886203895442685,-1.1282057212304233,2.8065973889880746,0.1508031906410757,0.8942576982126613,5.555232360983567,0.2749153405151517,3.227660204178784,-0.8922417664894398,3.4860229678659143,11.10745779254561,5.036244137447663,4.248599501467413,0.043610497504962736,-1.0951184954767608,-0.7538906162064595,-0.530185583169522,-0.38483591255874866,-0.29788525678337213,-0.8058899676459443,0.7984511318383323,1.914105687647234,-0.31988855450246606,-0.6180678331153356,0.6968802706643192,1.2504832423193502,-3.136428572678103,-0.5346389781490986,3.1087841467806907,6.7142912487597775,-2.349318008852699,-2.1335381858063234,0.6803296043677455,2.6384040638357753,-0.12885214435946024,3.3222611520108387,-0.15333851366992268,-0.9281521033317446,1.073497285281804,3.7806136225042604,1.9820645774732546,3.0669038541535194
C3N-01814,-1.007432650111286,5.855187123714694,-2.2906619625793265,0.9606750003316126,-0.10802288611955065,0.9329233056580104,3.6950056968983365,5.83063688151457,4.369330666632047,-0.34609305137441015,-1.660469439646491,-3.7568184754561775,4.49772518122717,-3.1345935822359836,2.7175589773638755,-0.16730285419784402,2.119694086379285,-1.408539071319477,-0.06439101703317376,5.536735890270627,11.089919142332352,0.1752473746316568,-0.812849653551622,20.653246569076327,-2.694858245364662,10.366860129159415,3.905402960061601,-0.9953784187780005,-0.7252552387805946,1.589818574464946,1.7447305537255813,-0.8556704687404716,5.65307301459493,-1.3595378895611916,-1.009154576231734,-1.944829210233932,-0.6873006735533049,1.5014461591061694,0.036984148527305076,2.851410337006279,-0.38109151118572504,0.041088781183642474,2.494859145718657,-0.8636712508998222,3.0851382023371277,0.43646632667579066,2.289042400611167,-1.8760573478034561,2.244972634877722,2.287990097781299,-0.09989444990302665,0.7478662032851185,-3.5567777259413926,-1.3041726875815438,7.873267949204352,-3.1845721600573906,-0.37241378483826654,0.4230307064090241,2.1191716981420683,-0.36483590886579237,-0.622959380307211,-1.3422403034737114,-0.7837977660072976,1.9991840638866356,1.0577254747908,1.5622815226552835,-0.4962860584403362,-1.8143225785933421,0.4735775410674291,-1.218787613118241,-2.2354760477211864,0.30934926679903446,1.533007467792349,-1.0681358162235781,0.5683091276353628,0.9636174492914497,-1.1380971285383712,-0.06401005278561593,5.37432913306149,-0.4291003725240438,-2.5744782579083023,17.29547427903296,3.107158164633929,1.0758650830661076,-0.8705222227972425,-1.9197340634728375,-0.4195727122053759,0.5578218709777144,0.7480047822396868,0.647843570955045,3.15795649706508,1.1886635812767676,-2.1801343360554086,2.3687552176542455,-1.1673636094620448,3.5962669731740737,-0.3957052494683233,-1.1852171324606184,-0.982437479585001,-0.3654700308197782,-1.1183741868848593,3.2026101801543927,-1.128469742162265,-2.196306619315594,0.19744919838745134,-1.3805757212958043,1.0155857552329133,0.5520551335380544,1.3455315503937324,-1.2794864557887926,1.6063769381658262,-1.0935633844109753,-0.24351823011121043,-0.38739751772776776,-0.7019612955356456,-0.7067175713066185,-1.0484719859105465,2.296459614494537,1.7790048295465022,6.080687487846763,-2.3928854939999593,0.805428322772727,-0.16833626524988654,0.05753007549628689,1.7679692021972189,2.266956227361193,-0.0796478459194128,1.099691873277899,2.8534748541100368,4.0486045116702005,-0.48922506398696514,2.565635819231831,-0.3139007231374369,1.1190127046698553,3.9000330632816342,-0.03880090979083467,3.7060603427236023,-0.6405836083209083,3.0084339248361878,8.69432858076749,2.9134399126407264,2.4950932436965707,-0.4042572891106691,-0.7750911484509577,-0.7669476921224241,-0.2852347593511896,-0.15528801528239022,-0.2119616913942858,-1.1167541108161787,0.9580823756810489,2.458993315895845,-0.1661961933754938,-1.3523151048972926,1.200863874119611,2.4975473486158584,-2.6472529120185526,0.6457769855567763,3.2456778268101774,7.069979149862246,-2.505387664897024,-1.7141967018612274,1.0551493663081486,2.041932263602925,-0.3503659114200689,3.8895622796593163,0.007952852222086387,-2.1356217408330083,0.9519769173616504,3.638338265519597,1.4929796006941694,3.0571444503547096
C3N-01815,-0.6942323276149657,6.27971169340669,-2.1774706301024773,1.0758868548999088,-0.8253296205789936,1.7296024230870488,3.8416461046400068,5.635489042242709,5.282405895017628,-0.6580890056378893,-1.5006434946446836,-3.682893772316304,5.425198570824311,-3.555540473745585,3.039356586369631,0.7392325174070485,2.0910482342206125,-1.8324449914631191,0.12851240395452998,4.292800903587861,10.920075142204356,-1.1436664869677289,-0.19249023933119205,18.135697000372843,-2.4662679322207004,10.15605656197552,4.464176402292813,-1.5430582050425872,-0.990008503087907,2.6175609789877345,2.184783323006357,-0.45044756307836376,8.029983810318377,-1.0286202182979252,-1.0697604494500017,-1.9856189311898864,0.46143817405840964,2.014286065053853,0.032248000394727555,2.2637297637942075,-0.7007297441291166,1.577763312678397,0.7549546084846233,0.29626841449039015,3.5210436247550754,0.41262412490614964,2.1325715565998893,-1.1837525127250523,1.4503606531101085,2.4133275205890925,-1.6824057985295955,0.028979621006314935,-3.5916159097939837,-1.5095749631867021,7.698197856964587,-3.349183643818368,0.20350647513834552,0.28840397260698175,2.6728597951203885,0.7500462373863551,0.15469546179615032,-0.06056392397993911,-0.22274200167520192,1.413812969833303,0.9875224344374893,2.122683955210678,-0.11323036858090603,-1.9677912247619613,0.7358875305284446,-1.1628715096333861,-1.5730904482534576,-1.1814407030363792,1.4706804002317813,-1.483811061714899,0.7643201888407364,1.432643080641405,-1.2147378291628472,0.10264645887599587,4.191374173796441,-0.5526497110458205,-2.729494408325069,16.96125202017076,3.175344235080128,0.9885977504920156,-1.2437529408151853,-2.5064761531873474,0.2534444409567818,1.5608113232403173,2.3844398228170776,0.7358858279668306,2.6113548182723036,1.5950060510211816,-1.852762734257749,2.3777170408196153,-1.7885229328501573,3.772520072218046,-0.02009581919007927,-0.8376098774358963,-0.3451077990042325,-0.4627929736052537,-1.436129567639162,3.2407207488554617,-1.764172860186354,-2.110022580139394,0.16302400902715414,-2.5440397492526663,1.2760446728816557,1.7989668215750152,1.1176036853079263,-1.531002661838478,2.273221353670491,-0.4938912912913189,0.34997588309303274,-0.3367002650080902,0.5516135384142655,-1.108870564758783,-1.207492488901252,1.7695706156576576,2.6463238162575125,9.167675071383298,-1.6414678293677372,0.4693870771339526,0.09607286273089281,0.0799317916382067,1.3786722777176619,2.9458537993288876,0.8294170779453215,1.7874420042891006,3.005014045248281,2.7843565371096632,-1.4522837771503805,2.96555185544933,0.9940497661181202,0.9447781109217577,7.34608052053015,0.5926393639432443,3.293788168496939,-1.5235587162719924,3.1086419473483025,12.138959112990246,4.933438502907332,3.5764141665302502,-0.3284401151638107,-0.9250608576703516,-0.1327951917779843,-0.1666316335165769,-0.8340744476592047,-0.38890197937817006,-0.7715343463656561,1.6090651865442398,1.8794790533997747,-0.6484567533900707,-0.14480274625615633,0.7985121870355417,1.3164121529105326,-3.7359209198927146,-0.09900430680744016,3.34964316326031,7.88786873943786,-2.6536766303652612,-1.5298316561506062,0.7112108101991549,2.466607538420007,0.4867974201414347,4.129787549622368,0.4964830101076416,-0.7829487855386309,0.8507467806692459,3.7933414357181894,2.2993150999715994,2.2195264194461863
C3N-01816,-0.19950073414539315,7.158040883200591,-0.9205790737502112,1.4816489467881937,-0.9680112672662833,2.216035948248925,4.033207033204239,6.589209597477344,4.725941423336684,-0.7594046034481019,-1.0620067597198328,-3.6053132893421322,4.291360812952937,-3.712687670165235,1.555122299508563,-0.04157721105012644,1.9647182359548925,-2.720167760078006,0.14706042322979068,3.117190169166982,9.439922550004061,-1.4157693893869594,-0.44433278464171366,16.82723425557382,-1.4960161883611862,9.916145518796903,4.325254895381933,-2.363487133525028,-0.6769798523367931,2.1522448184489757,1.4846630010622814,-0.4907266196870653,8.048541589743198,-2.0665754803063554,-1.8098999861913947,-1.610093770951012,0.4835259889188542,2.517561186661655,0.021471251327013045,2.5332154928856996,-0.5299940508116439,0.8456182001183774,-0.489333344033112,-0.4890475193829368,3.2930545446350523,1.4667128381492909,2.7941864105987997,-1.4894131452157455,1.686090151314668,2.567238861609929,-1.0788934866889979,0.48502757183177697,-3.457755800605148,-0.7873667212946743,7.213304665209191,-3.093663556603743,1.1764024130501065,0.12168932263462603,3.8546057069680937,0.6588011384632914,0.7553708037354918,0.039429158402334505,-0.04012932096708132,1.6066584153695833,0.531547728765816,1.6881694014913247,-0.9343702583743367,-2.41074784573874,-0.12267286291751996,-1.7741973213835422,-2.0921017585130643,-2.1355780977438563,1.4315358465068182,-1.4362841439680725,0.9558591107385371,0.9739159132943911,-1.2417313581599425,-0.0641064990599597,3.0418866811454515,0.14046584566913262,-2.3790065657853368,16.97061173699414,2.124376980471387,1.1158961901487134,-0.6953857863000966,-2.4907596384678445,-0.4872846565114215,0.8641702178466809,1.7940980427647926,1.4063825344352063,2.3607264639391774,1.407491887744591,-2.637616286180763,3.105227021527647,-1.4906067127723082,3.779784599710256,1.2803804443945956,-1.8415635878244638,0.22587502714839167,-0.7737363043208175,-0.8053153703459411,3.6824747276564196,-1.2263418032461653,-1.8972209053606974,0.17534583420529762,-2.6906029765499095,1.4830331759226476,1.2090370721864545,1.6304460634100792,-1.0322442561044727,2.6615720742324207,-1.8584432858516022,0.12201329429206012,-0.25649023898999423,1.0164793776156564,-0.7471570996199587,-1.0805438588872753,1.427600036022213,2.7014398958309114,8.126729873183601,-1.6529182790264552,1.0693078084859737,-0.6481779967094297,0.15592855975698122,1.4101856597401168,2.9151354719705456,0.27618026850171506,2.1174369931524457,-0.18087438164487957,2.30981684876485,-1.65944480825076,3.2930192197873915,0.46682417656065167,0.3368997313476234,3.9293520328608107,0.6649148119407229,2.7222816640425793,-0.9493970744174776,4.669371596310434,10.860561137229872,5.597572257605834,3.5415203891130234,-0.28020604124241877,-0.15058082051562524,-0.43906446033876967,-0.30753879816976404,-0.12039331029938836,-0.208039142502465,-1.4312982070894191,1.1303958598684134,2.161097025350817,-0.6754773382374144,0.15996653831445945,0.5738979779522951,2.743698363170051,-3.8166934926642435,-0.4441452471133928,3.3999389860398748,8.155038488982363,-2.8127561869457076,-1.648998223422049,-0.29697451728000207,1.6740827383027563,0.33683950712053456,5.103590682157935,0.3423933018572446,-1.9736852835936465,0.5555269478348691,3.4088323482812504,3.3588978277093915,0.4006517536623269
C3N-01818,-0.8906795596373897,6.267928039316824,-2.024056401748471,0.7948546512591789,-0.9727398454717279,1.06968141909856,3.06872238376906,6.042245568605357,4.74177317157066,-0.07043441915984286,-1.0605009705715325,-3.91776041742907,4.747207688880381,-3.025799377410434,2.3461916653542345,1.2524128035801525,2.035594252673528,-1.6084964027802684,-0.033074019228759445,5.686573412090522,10.656666543643148,-1.0085411487752771,0.12479824522402283,18.544866211604596,-1.978255792350009,11.338104864009303,4.330026132196558,-1.094181485403796,-0.3757053995136873,2.3236555228224223,1.8516068570881123,-0.9358229347859601,6.633682957089674,-1.6781338672969985,-1.5455812936193138,-1.6787609741698857,-0.030871663806161517,2.249830516752551,-0.10073326415156375,2.24873658262371,-0.9464481723819587,0.8534192519257744,0.6266996328187816,-0.20719894222391932,3.5137879470971147,1.2250573406088336,1.8937855192898903,-1.6120219841087013,2.296072057840591,2.2262353867840026,-1.1803818339043082,0.6851698855325528,-3.2143254557196057,-1.0773953428092138,7.529055598997108,-2.880024416279968,0.42299902454098054,0.40129596269245577,3.0438091225700132,0.3878967169533658,-0.10307218326197544,-0.7621842090629101,-0.09225176924091906,1.9930148165279264,2.039037253858094,2.5688151566281556,0.5715526199236212,-1.906191025655433,0.47161400681080234,-0.7953352484009871,-2.3293589739601406,-1.4011076732605128,1.63754798671683,-0.917093592944632,0.38903996119792805,1.2522697041051305,-0.9208106997039842,0.044968409470875735,4.435146624856205,-0.5095402204758254,-2.9146131241611974,17.374581049894292,3.271369088413479,1.27015329899696,-1.2549211861400666,-2.484634673369007,-0.17824691124718578,1.4786720998640785,1.3648601450820252,0.4139772508439494,2.822892005826809,1.6448115927601394,-2.697202543496498,3.0901475094216186,-1.572203672284694,3.400739447389178,0.09239419228970061,-0.9705406601339258,-0.5683865906611909,-0.07828482749965118,-1.5340515458934707,3.3746195261298544,-1.1721851613214846,-1.3953685894471906,0.18529709315350004,-2.0386633475965565,0.774477412409583,1.199984815756803,1.2178361715390804,-0.8536518218309397,1.6464796527645622,-0.03174058294914549,-0.2200556231869738,0.2407799066569141,0.4923382501752734,-0.9646379143916434,-0.9011399245788198,2.1023756744176634,2.6694437473525943,8.058979007360387,-1.9165400461173054,0.34070706832579,-0.026581916418814616,0.12239532213359566,1.334722796303196,3.1237284917633072,-0.39456169247359546,1.8394320546478014,2.3741459082086345,3.679154891904061,-1.5553869040375627,3.8212410134868975,0.6695153882230198,0.7690360748839933,4.545163636855396,-0.36536600619594767,4.077896321007062,-0.7311310567594194,3.0536350589942267,9.355208393716076,5.034576426529758,3.372780750912642,-0.2778687863437865,-0.7050486903435718,-0.8546746974373637,-0.015676746280401808,-0.5419805325165311,-0.10446194064764026,-0.9448517671235636,1.1316078477560618,2.2765179846120085,-0.5952507357770985,-0.7206504982671131,0.6177478318159803,2.2875655282136464,-2.9695127555365466,-0.24634210914874083,3.622453537347028,6.676637149611089,-2.4716288224985252,-2.437452095395399,0.9598276425336281,2.227817000778316,-0.07945173123698249,3.690559409332597,0.6339924563751095,-1.9490167219670147,1.0666573966926067,3.1027886897738473,2.357249946461126,4.299165584790207
C3N-01851,-0.6599903539384229,6.77607034869122,-1.9212291825846448,0.43433160234521967,-0.01696257614389361,1.0267994049977198,3.033066970808571,5.599678940069284,4.385072701198139,-0.08533959293955266,-1.10323954433988,-3.547665509088759,5.481516767194263,-3.146378354277755,2.8540100040075425,1.7258809348327664,2.126802003363533,-2.197991955709789,-0.015608144962120896,5.065891512812009,10.198790809088662,-2.6562222423889206,0.15885400247323217,14.459430812093824,-1.6926814451172085,9.524352130013627,4.25766817086355,-1.2927890147244416,-0.26298243947126526,2.260722820585321,2.3074403723724175,-0.5700055603087035,7.722673962429326,-1.2001074341905718,-1.5442098658056125,-1.145106957471045,-0.07512269623754848,1.2793925573089533,0.15221578085942133,3.0007356955005835,-0.5253205322241948,0.9809983644473788,-0.8791392965138056,-0.32190215463802313,3.695069508247053,1.5811929986370552,2.446439556587891,0.2600523501525465,1.7052381683960005,1.9219160442895022,-0.9388855480085913,-0.24026283855530903,-2.917301301924924,-1.002549900354543,7.1166687788074885,-3.5440169756211906,0.4969592501803927,0.4504861012270893,2.1047583009561155,0.8631209099629588,0.2896223846267851,-0.4867053135132332,0.2604626375231947,1.324557759316171,1.2793750821356586,1.4380703950964489,0.026941056207676117,-2.3528039577391575,0.10573822593995912,-1.6730657828945446,-1.8683474930552262,-2.479843669576361,1.371342079100421,-1.1472632412933268,-0.22424815008494925,1.716178029850898,-0.5666501966431369,-0.06611519065743074,4.65215308696242,-0.12163063606384435,-2.5330815631433934,15.844958808087448,1.1613618334476399,1.6586687239597286,-1.8267922301730084,-2.6211827643332204,-0.025250889871343864,0.3632137273067103,1.2783576864534145,0.6344042434009737,2.5280208137418474,1.435188217680816,-1.9649230080103892,2.7105569601738515,-1.5627690834641754,3.439978912563408,0.20427441709383254,-0.7536708342523226,-0.6506671946867575,-1.0240249872961327,-0.8119367059145086,3.66128941874568,-1.5059209079893314,-1.9715885521920289,-0.5344200665409272,-1.804675555113563,1.0734625276089267,2.2722022667679562,0.9697520898860391,-0.9877588255717693,3.437498954729282,-1.4799496412981838,0.252975270551772,-0.39908710769582906,0.5562124205542959,-0.7443059486735875,-1.200354012407314,1.6528003204492077,2.3293108497079316,10.997793656982974,-1.3113875460331592,0.19911576031977582,0.6862651946350141,-0.04824407201633677,1.130354071290899,1.8977052628746218,0.19690017196935589,1.4114592786780673,1.3135391408558388,3.8050896758549846,-1.9923470181468506,3.3847324747867757,0.0865049777714871,0.22866123196154756,7.881269235613853,0.10521148427571686,2.734398989331124,-1.5707147827107648,2.2693558333637545,11.416085728463077,4.965966485660167,3.756724613402336,0.24696297606160322,-1.0888764560316453,0.13345280935071477,-0.34290581076164167,-0.6302477708872221,-0.050185241117830064,-0.4384243461595182,1.3884238293083158,1.983015955078355,-0.4238707176077254,-0.45881464498498703,0.37997002067482905,0.971844143237623,-3.1412345727360123,-1.7775329820206585,3.2069774928807933,6.07100057822636,-3.2829188044692783,-1.770413929731592,0.1642446875242669,2.2638383265976225,0.6514888250247918,4.21905328275994,0.5049938913059202,-0.36611545711912824,0.28792642755673975,3.449959579126914,2.9321111737722414,2.0495905663456586
C3N-01852,-0.718192106940672,5.941344092603382,-2.160725774983877,0.2951894383643111,-0.2848925832811428,0.9473791214876011,3.048733407003226,5.8879060504952925,4.245824259036722,-0.24475824084905623,-0.4165512039825184,-3.8801338450676393,4.587599682885719,-2.596826648322618,1.772167388238221,-0.17529762482425976,1.535751941511137,-2.0510724048937896,0.2673315945866602,5.654140629328552,10.957967679757555,-0.6949286377430436,-0.5113475662267847,17.931427601267863,-2.676317998115088,11.942217519721895,4.601551386112377,-1.6564819856945228,0.1277868477862393,1.789404897855625,1.4832702587489017,-0.610914168575546,7.231250573825533,-1.5748660226400146,-1.6807802620858043,-1.414603891810985,0.048216994861895436,0.2556964745139196,0.3364313036805211,2.2857174529481066,-1.009425286591302,-0.024250551999176737,1.0723885668712136,-1.3472509411331695,3.037579371360882,1.6182208039948998,2.430968994604694,-1.4240217465354617,1.4761729373928714,2.405313737000442,-0.6765836896711044,0.32791394980656885,-3.309438468040721,-1.5795036205359445,7.164312560521444,-3.185603619810186,0.4384274491412169,-0.09465921316605022,2.8246800435542663,0.0954511091532843,0.11407660640715785,-0.47253690261009457,-0.07250950369174172,1.8182114541975762,0.9188818525903578,1.6510669840856589,0.40495432932215686,-1.6992318103496609,0.01460282071828866,-1.2121097375473462,-0.544143480765851,-1.692926539765492,0.6269340965581527,-1.9428757405280914,0.29416502057995525,1.5238167843782868,-0.5684091951948326,-0.10687301224114275,4.85086729702308,-0.6159780947723958,-2.5194702682019248,16.15519624110038,2.856566104534581,0.9201541884959823,-0.43515333827017466,-2.3125765550848203,-0.26036694801971033,0.616696859988746,0.7642156729239573,1.0859053415511746,2.6471760535335886,1.1818244389093202,-2.4714251232790865,2.696844020201427,-1.987928854722994,3.4190326492463172,0.23641614123766994,-1.4546402816396498,-0.7954964998070837,-0.6287356742315411,-0.7831917721156642,3.5523785107992936,-1.305024126853076,-2.3831181198257525,-0.25010139580168395,-1.6312233488200216,0.46213919840363415,0.7020141172362397,1.6075944567277816,-1.0937459742364735,1.9481223554645997,0.1727978889888546,-0.044303564648197395,-0.016555979197254003,-0.14593949824197686,-0.5579618754047148,-1.3011576998832948,1.6416868590638005,2.563255070869851,5.864949401485388,-1.7371917836612172,0.1396155319256267,0.10913789690055928,0.10519731279674893,0.7757393375014577,2.40219008953226,-0.3727518533131217,1.6594717168029804,1.3266205579896948,3.217092532751038,-1.1508849848515832,2.56799402320984,0.038717481647524796,0.7910395080368525,3.2915787196265858,0.0006711255566994235,3.5436561764297583,-1.037243152672886,3.4294376667290387,9.631868008498866,4.3550634971393505,2.9506530781807556,-0.8221339695366872,-1.006230824655576,-0.6065182657384637,0.47748629975295886,0.8057624447105899,-0.5961983883051043,-1.531328529941725,0.9688116658100471,2.6041039587786505,0.3132976295623514,-0.9869224563638693,0.32011459078741533,2.124446937034183,-1.2068985413018045,-0.5942127032802742,3.121174076289262,6.243179588566421,-2.093245363833822,-2.0210618437726353,0.9364530230528766,2.205259627911452,0.23186250397237013,3.6918625579639603,-0.31647335541113475,0.2271886059404634,1.0529692141638347,3.6170907731864683,2.884123129064434,3.682367492116501
C3N-01856,-0.5203980825150969,7.0481075586138635,-1.5239494627166146,0.08386927193097345,-0.6245189010196348,2.0021277717773867,4.030121369431568,6.167091576044926,5.222298982980124,-0.3730709702313858,-1.1500149410476987,-3.948853640827736,5.285491923238894,-1.4667829913181574,2.2361540993228983,0.9234038438997028,1.962002601506097,-2.6657217712238017,0.7132477147879145,3.242119676527521,11.118645086299686,-0.41653013547107626,-1.3309009456962353,19.149977406873777,-2.489832004362699,11.747954586189637,3.773446245541056,0.21452256480921036,-0.3489917799202344,2.700807999276689,2.0302723873841892,0.133100956348412,8.249575723128155,-1.2892647158070107,-1.5855021689348854,-2.1386454864894517,1.3602776918064803,1.639521644539654,0.23472296331175704,1.174923018602368,-1.2341328998383212,2.4684215970310652,0.16209692328931222,-0.885164229309478,2.8403356660227668,1.3347735522363118,2.710466099824582,-1.6538892860784982,1.2293063051792965,1.6465471479059552,-1.5765020276100212,0.5110412220239006,-4.546253863660458,-1.2814872258393524,9.866954754940338,-3.2433250315934754,-0.031885377506902124,0.4978872827130736,4.019075037691488,-0.21346378821410583,-0.22753221508661603,-0.6098956492909889,-0.20090840324272952,1.9084221734723867,0.22571404165948505,2.524784948180397,0.7143070677808627,-2.051938118507633,0.2965256754949417,-1.205310811982128,-2.4780073514090124,-0.9369245807320568,2.0222872355763166,-1.2212243860700458,0.47772124486829776,1.6429724220450725,-1.5101979535363597,0.49916544809911156,3.8466763480537285,-0.45042811212066075,-2.3263574629318557,16.957666823999187,3.3536687862242847,-0.11363132575220194,-0.9894533130464457,-3.0485976518556557,0.2209158320775266,1.0019110415677537,1.657296818044759,2.611943774884356,2.299482855053555,1.4118607270723122,-2.401767324381519,2.4202499928844268,-1.9678744447769696,3.7643502428530957,1.189833241510914,-1.5295144963892695,-0.14651644634929703,-0.625179489882903,-1.2614143321170497,3.2973410017297233,-1.6025864960725726,-1.6882107127484602,0.0886925557430495,-2.948351413555512,0.9939049961446863,1.4243672877832785,1.3441663040376448,-1.0034344203560988,1.9346264903041719,-1.0490980485110653,1.7942813338307453,-0.4495481494611855,1.6763859093652227,-0.8036318864223065,-1.488363161712226,2.437523079065721,2.926074691364604,5.729585294478446,-1.6081883209911825,0.6435681489276753,-0.3703011438311599,0.36868813725339616,1.1801845792535277,5.132827265259773,-0.42383221689343975,1.699979299722207,1.0046182265751817,1.1575301337947266,-1.668743579743932,3.479538035652,0.6677253151483156,0.973886912586991,4.2388512708823365,-0.32899126609081714,3.674063323999444,-0.822838502246772,5.0284119106976455,10.850904994666699,4.852235889144885,4.235159532771651,-0.5896161997303337,-0.01974715173732137,-1.0032522385108622,-0.48255020316176855,-0.5244688661744087,-0.34542997593259317,-1.8231701796429878,1.4476386298665853,1.8148920303561447,-1.016966865097761,0.1455545228218223,1.1607020843941689,2.289348668775389,-2.624281589024484,0.2408783627098792,3.4154915427184602,8.16276008570947,-2.9318687812517337,-2.6870813877073236,0.23373806160748753,2.2199045369640444,0.8517076784117706,4.980294270225035,0.12751485745006275,-0.3643842311125261,0.9524696637527996,3.609229592305216,2.8122829240904523,2.6107197956005384
C3N-01857,-0.8924553172074728,5.538934479599631,-2.629467527073808,1.0670788205199584,0.38968885573144846,0.44821262874572665,2.346765752908198,5.725674550565735,4.64252217082281,-0.6656962371145212,-0.973985127749914,-3.635105568376862,3.8746994567161437,-3.2635464181503924,1.6389076933115734,-0.27581975521370355,2.2648107471961887,-2.0114724896781557,0.9664931948237809,5.238822472611687,10.976807548798979,-0.98003835843908,-0.29367608007346074,18.36820310236661,-2.631710726134239,11.968780315350912,3.6945066104898823,-2.4477608068260435,-0.8503455681962709,1.7562667063224218,1.3038660057903304,-1.1459785062647183,6.127190204964172,-2.1904349984770697,-1.4393828885248414,-1.4824622258129643,0.4175934176872649,-0.09045239774850149,-0.2994539217852521,3.3659043407718885,-0.5728580188722134,-1.0723936531933873,1.0500798193504757,-1.4580659635480904,2.599447531998159,1.4447823905014947,3.210864516602958,-1.278195121149745,1.182948853295275,2.3021718159418847,1.2149525048414747,0.8912537831151228,-3.14154735989961,-1.8762954973423924,5.552824973501436,-1.9975914533910784,0.3442407545919437,-0.30480209513018314,1.8877189624532502,-0.2499312676689466,-0.2340776483216178,-0.8245939752938702,-0.24081544342397035,1.490779628545324,0.9363799159947638,1.0065274437313803,1.034439654150844,-1.1094807775374824,-0.27732379710921184,-0.8250386480835024,-0.4729505716733042,1.0343440147408889,-0.09838082769976532,-1.8316015908326222,0.42799709108585055,1.2303476077121094,-1.3559321235137147,0.45847977167546355,5.201462357851776,-0.761378650460406,-2.743734538771281,16.27001203732368,2.568667940118234,1.0327099357604281,-0.562361129302201,-2.0431170557740126,-0.5568920008348178,0.6582851766530133,-0.0976223620766255,0.8225575877702513,2.931203441584598,1.318198668971164,-2.0944769073112033,2.4559701521660746,-1.7661170818828267,3.861048450427601,0.2205260660197166,-1.270105919561055,-1.6818314251158126,-0.6777071099839127,-1.4204040388648014,3.6501571075511436,-1.3021358328237085,-1.805088637460446,0.2832664475296917,-1.3555507254609578,0.4594833413148495,0.15761398040242694,1.2979419632714264,-1.850293461122548,1.3507810854283038,0.048321785515256795,-0.5936467792661474,0.06896031998546745,-0.4876651120791861,-1.0246764770294234,-1.1045226932087673,1.023346862882131,2.0210082174588893,4.29325291620236,-1.3511868549635793,-0.8120318626510667,-0.3306926594350605,0.31604932804469865,1.3127531699112023,0.9712313814063415,-0.8272569703787208,0.877553024326541,2.2453628636789866,3.6292643683673225,-1.6155190621989122,1.8119206002476962,-0.7560628959723257,1.1925519621395761,2.588089982536973,-0.1655559868872992,3.3423065462510957,-1.2237200514527726,1.4932517278938253,8.257755582823531,3.352812017786382,1.9380944148839812,-0.38609236725574403,-0.8050224668876905,-1.1266818431067327,0.7178293854595476,0.5973471408777007,-0.8658507693212203,-1.1048303288240957,0.6864887537858498,2.4881555020919945,-0.23103676787456448,-0.4003456005254756,1.0754616977163785,1.827812964191209,-1.8186152697891795,-0.4601316655481798,3.0592178566032486,5.823033056968107,-2.017352437915781,-1.2490690464446395,1.9906269175810751,1.7035064557742048,0.08649955348102718,3.5512227989936402,-0.8588378450033645,-0.4711203179741715,1.5561621027820334,4.264178097305267,1.2517657210134254,3.856972057187659
C3N-02181,-0.546935598997693,7.038250942732151,-1.5078023857795984,0.45524629610996425,-1.3512881359216873,1.1110580756140123,4.016587221341526,6.857753965785269,5.440816415008016,-0.2170115154202089,-1.943568601981623,-3.80849205924543,5.736159202863971,-1.6124996900592825,3.3833465683731703,1.4705922648210226,2.4249688576769506,-2.088791601255079,0.5259894605922182,4.0836520634346565,11.336701856303932,0.006609529330069387,-1.1357962677853721,19.126944120248137,-2.2669435478936673,9.773047940738365,3.4821675792715565,-0.04252028415196524,-1.37617340305825,2.3238403940237924,1.7433305700954909,0.12990379425827905,7.931716660528972,-1.1223877830731106,-1.3395107879256873,-1.900784037955225,1.503569268761347,2.608390542559633,0.5511777345284685,1.6677672416868603,-0.7470442309599206,4.437022502156199,0.3430412414749766,0.2179342302774226,2.6184489644233344,0.8139241728842138,2.678707985376146,-1.5033207705292246,1.6370470719410977,1.3714738376031657,-2.1715415655009735,0.1861095309825906,-4.451363746080351,-0.9625101746337731,9.126607230952256,-3.496298910436564,-1.359053749042344,0.9713458232855804,3.865365887043319,0.7215289714482056,0.2902951295236305,-0.10937980897996644,-0.31431226812568314,1.8911077469537596,1.14576813300392,4.261207337330771,-1.0553282607594021,-1.6800424330894512,0.23366989060889912,-1.1084016021222425,-1.9017698266878438,-2.0024437067005993,2.817699602471142,-1.9428857758745235,0.5863894719237439,1.8130003842029223,-1.2432232010038775,0.346163296509289,3.1431959320763783,-0.10773534418645313,-2.640412388359074,16.606784826263436,2.6064140817946253,0.7260500854813007,-1.410537620997459,-2.6198609434915068,-0.7348602742972775,1.0258988191300629,3.5672113112630663,2.578626191418287,2.1894817867773577,1.7170800254551402,-2.125858466799744,2.1308287551625806,-2.052068320910898,3.552081112813125,0.6906964588903024,-1.5434474711575716,-0.04854731090362874,-0.5953382077539395,-1.6068122483624763,3.1948969343846145,-1.7681970659272714,-2.022304954188634,0.16370914482937945,-2.9045976437070444,0.878248944814026,2.1638297387057266,0.8895955646767832,-1.1870414006559566,1.840577212766731,-1.0941844305713972,1.0718104050175896,-0.21551431109318372,1.3697008412191616,0.8587720929025555,-1.0700387150159896,2.6494299069891025,2.3866534061117495,7.5928696263137985,-1.801263520421791,1.3439962710031277,0.19181342873628093,0.2366811456058682,1.3718229759699367,3.955417790569612,0.3091768454520304,1.7976480347154629,2.1550151841270964,2.4558732663799314,-2.0516287128013606,3.740655129516688,0.00012705946883835185,0.7253731635462329,7.1582780953525535,0.3673352135279139,3.6754311662732913,-0.46221956768242595,3.7009698573480314,13.240713326570196,5.8307131364160245,4.795393944809182,-0.6736372138137836,-0.4301796460536493,-0.4057860305589826,-0.44186893843915115,-1.2214722091694015,0.14005650983837678,-1.0066874662549468,1.826361295619133,0.987971798756189,-1.6087791151024522,-0.14627964519537986,0.8709626051565711,0.6271289433506926,-3.4467266972395016,0.4033774943972293,3.2258412982929294,8.270340297777503,-3.052582185713087,-1.5210940472456376,-0.3249456870926815,1.4677985824641417,1.1281076484498422,4.529122507826874,0.4213412949917967,-1.6426071677700014,0.5883479483287326,3.5410689535283066,2.2154727017108136,1.5874334880943086
C3N-02183,-0.8505910778945306,7.234050448441123,-2.084263315604276,0.8133478882275159,-1.0103199531786373,1.568182882997559,3.0883603585594304,6.446754380008146,4.772363382709948,-0.5135762231352652,-2.0936832322961108,-3.773700986056542,6.057074632650399,-4.299343806284935,3.0629018518500404,0.4363860664800995,2.3292088693899706,-2.0497471087793415,0.25520830298603914,2.975045541811513,10.527155900015895,-0.17486870796166717,-0.9341497397752586,18.756820615127182,-2.1636940296527025,9.409304518594103,3.9179726891217737,-1.7767206412876178,-1.8211023082090418,2.4234567303114813,2.0559133479960443,-0.4530069279892266,8.802040983330988,-1.0244732820119593,-0.5744240193433441,-2.378551107536194,1.2133606846694633,2.0317398334898478,-0.11561082790439402,2.6822558254923767,-0.6278886186882375,1.084376190882877,1.0348006682196877,-0.017047126539608444,3.5488310632086226,0.8998364255542453,2.39746178997122,-1.6681962544287645,0.7336817227741284,1.6261214153631132,-1.0919225385213345,1.418026065312996,-1.20157041007737,-1.2168384991630188,7.52974678267131,-3.152803502554459,-0.058841344324137054,0.5177437011362395,3.398281546042189,1.4734580650286093,0.15198843037679843,0.4939547268667794,-0.025596123204127803,1.4782382285738158,1.7762366291362655,2.28011765621519,-0.5796200249251472,-1.9218515655845276,0.6665515546654196,-0.8715522797785124,-2.6930415870458617,-1.619677678958687,1.4396153500680156,-0.430286836058227,0.5855882595596423,1.711332904995331,-1.9828650419277187,0.3777321036588156,3.5267896848236457,-0.11710671258486535,-2.3276174519624537,17.75041993179462,2.8578551708847115,0.7100289974616071,-2.159151841275446,-1.8629158238778283,0.11489795238339494,0.6301968299571,3.098124634565869,0.7360514604239582,3.3328108067656865,1.0498906863217727,-1.7697782479447621,2.695411278028782,-1.6944532311434843,3.758670030433041,1.035500557363092,-1.1701311641340386,-0.001764943853423911,-1.0338746752657175,-1.0298191624472834,3.3733539530142362,-1.5941957208919242,-2.110929056398813,-0.19918876962570548,-3.7190130204176435,1.4103894578375036,2.049035917926252,2.060561264576441,-1.9467431614115862,1.8788070608821488,-1.4972363782878988,0.6367105027686771,-0.2826981144786386,0.4101038724047376,-1.4274135302355062,-0.6216261317219515,2.586790456846894,2.758400776227216,11.31098141208182,-1.3420916621710837,0.047599608188068715,-0.42832125845281993,0.15936087514419092,1.3769323808069944,3.4713829825124214,1.0799004195690791,1.4821229482532157,2.3454643568475437,0.87992924697188,-1.6998988756580318,4.494856321492264,0.7267968031490007,1.574751017906406,9.009939417953186,0.5767105535660071,2.842304009720187,-0.7515512060380757,3.520321457807641,14.608444865969265,6.51459208353633,3.562501252717338,0.013640141226117343,-0.9815793340987486,0.2585184538687956,-0.05098566787904008,-0.30436266396163375,-0.14993904053300686,0.5288070487296861,1.763643429885754,0.7282096258091998,-1.110128404733277,0.5762233530399135,1.2007257146486603,1.5160130464019068,-4.287935466091735,-0.5115618089263028,3.2198521857019786,9.493991601514276,-2.8675453144309024,-1.323976776669946,0.7893186376512961,2.9219829126099195,0.6241456165539352,4.490423761321983,0.308047614107552,-2.0274003281542763,0.5983783027446538,3.833930264332923,3.512072464185813,1.521687952970515
C3N-02185,-1.1040247024572019,6.739839565658504,-1.6165654129839746,0.9299699510349294,-0.9828685931908498,1.3175015710057267,4.028115978659869,6.496362093938043,4.93246277911981,-0.14495239967150989,-1.3495978966599524,-4.1759598061810985,5.071305379775404,-2.661684744354777,2.057610617840705,1.1616081393878583,2.442342401182565,-2.2517350482502203,0.1460576994246328,4.974813082140517,11.737083463342058,-0.7970799763651871,-0.005320092910523261,19.661029787650627,-2.5359670171314996,11.125775327693024,4.5916229878904415,-0.26746000009878385,-0.615903471232629,2.2248637618413643,1.8302798476841367,-0.25817608052695823,6.480226954847237,-1.2362869030031005,-1.612080674862935,-1.5658521125835767,0.17896238485382052,1.8785478556442088,-0.12944741296494344,2.2324818971372093,-1.1573777657428117,1.1490118782166403,0.9309710888762911,-0.5525493480210409,3.8362324884488475,1.2170923834954872,2.5495309166458,-1.9623709114654617,2.9691582048850527,2.3614650901986725,-1.6266792305217639,0.8095759377507575,-3.7955375406320093,-1.13845296891236,8.15424380403561,-3.0862818173600655,0.306898814900782,0.18832337222309556,2.9031426156616256,0.5926133091631661,0.09806483709234157,-0.6178932669040423,-0.11145509048744925,1.6604713119336412,0.7211802435677203,2.380174723736608,0.7101408140996708,-2.4723296702523356,0.6211661992097415,-1.2731260302175298,-1.9185743825491475,-1.7320899675048957,1.5015502684119217,-1.868122100953548,0.13335510322139965,1.5573378555898532,-1.0453753570213518,0.2701803432918661,4.601937128728352,-0.5483456327716287,-2.3943308763774653,17.507612893752306,2.494598130694157,1.1734079772931734,-0.5846178256554581,-2.721512572272488,0.09431972554835884,0.4438409963202094,1.5693291360620423,1.4600657727261905,2.560870925689098,1.3915906541433616,-2.1132725747708925,2.3474073950889394,-1.022627013402913,4.1020645251092995,0.6790752953414066,-1.4422055165812269,-0.7124352096002057,-0.25359713777768494,-1.6091049189479278,3.5139400213475835,-1.751403236759905,-1.984266218192739,-0.046646337154466776,-2.019409971968282,0.8586894205087003,1.0723537188722727,1.192632946331804,-0.6310794663908104,2.1716506829656286,-0.47973585821569,0.012967258307800275,-0.29359362463190797,1.243678033134982,-0.8762428528310523,-1.2087171389857307,2.1304743641112576,2.226161517255752,6.390202190773889,-1.8629882700032452,0.10321196106224668,-0.20471376229884738,0.1898055845805475,1.4759668353221778,2.669380797308097,0.7326793601169513,1.66178032159394,1.64530981832264,4.0252062971454174,-1.7535069345289358,3.164912211047304,0.37869356711386726,0.7531231628034644,3.313781631648731,-0.3279767804186804,3.98755473266475,-0.9522126781071886,4.058155359005439,9.664394127188118,4.938637791009779,4.243362069660072,-0.3849640264183527,-0.7287609819975596,-0.9505811601408711,-0.48624282204091474,-0.48786906179374173,-0.2506186747609346,-1.6677707200097893,1.098584229036118,2.40180603230719,-0.8056918534037067,0.0008382442927174513,0.9766261729866413,2.0990068245211564,-3.1828073918994066,0.04303338078926539,3.2090756080072462,6.812298113146197,-2.2795735411280256,-2.392365311604024,1.399801856960703,1.3509316492020413,0.7235762265376683,3.6622656665305318,-0.5810051516155967,-2.043679615478314,0.8449608647309931,3.956174519170318,2.489509533883331,2.6454718996760196
C3N-02186,-0.5870343902142483,6.131366831464542,-2.2454099352397803,0.9068945407282967,-0.154861391522029,0.3745110257337232,2.7677761303392425,5.552618099966345,4.633865346226263,-0.21259444585072834,-0.9207230286385553,-3.534626186364812,5.0108750727272815,-2.707207280375484,2.7004293324073987,0.9038319057856434,2.3405243118056185,-2.176386919624715,0.016967795303827467,5.692425212221929,10.85340576731197,-0.9628948910888019,-0.7912584883330916,18.105514936606525,-2.5507493973846453,10.917969572315275,4.2023295884901,-2.1983452949492395,-0.7459538403998817,1.7047153627601093,2.0437508846252856,-0.7740019086583318,5.800539051390352,-1.8440004390308533,-0.9373670202690552,-1.9303813687273499,-0.30893252946288624,1.3336311640220964,0.3558075064030444,2.8160342520229023,-0.9205466354786999,0.56535900730629,1.4813505510388023,-0.7920403622639957,3.3085775084893503,1.1671703210503859,2.319852860475853,-1.8646067055307578,2.140256542421568,2.199412267925518,-0.8579151718875158,0.5668385508565201,-3.6408674470585525,-1.2195340129638954,6.894026816952507,-3.4764063104113436,-0.2639218559545,0.1962149044166863,2.4880095132730724,0.6986971085288948,-0.0921228949809398,-0.6226423890634036,-0.3818808714174848,1.7944738018813757,2.469093286892176,2.2617686318675547,0.055326342908148786,-1.8326307351297908,0.3931640127820107,-1.0892818245950968,-1.5847344977176958,-0.7851262126676833,1.1846410027322434,-1.3382850483686606,0.9618769208282459,1.2517398474759822,-0.8113671049529391,0.052918895763919435,4.9085387068408455,-0.4366015746926437,-2.693515836405088,16.585645003043396,2.926581330802234,1.1447441673314513,-0.8899781880921132,-2.615922561293228,-0.21638526642684303,1.1123402895000034,1.1617366006005936,0.6514702268323191,2.9058750325420415,1.3231588865276873,-2.067761679411588,2.4333481369403516,-1.7980080195265307,3.5968641401555654,-0.14613747172182368,-1.011415522835883,-1.0346343745201596,-0.5987405354198102,-0.9104063789547326,3.384842642122217,-1.5668763847891307,-2.0972148861903883,0.23838713166945782,-1.5413770154964184,0.9085519548900267,1.0833930555979612,1.0877090855064686,-1.6436289673987619,1.700750428335617,0.3763340602562446,-0.029108009310414996,-0.23368461267763593,0.35702903756129256,-0.24712526056836012,-1.109582939317959,1.6462873759488075,2.017344349885711,6.9193935674259945,-1.808117232040036,0.5511678190821575,-0.04957412816312267,0.06462162351582915,1.6258005635862212,1.909587004646832,-0.08792059363401966,1.3785190161617116,3.3223841493171613,3.7827291658378606,-1.1541086791856454,2.9984616985665697,-0.41075026275335236,1.2846517424158297,4.839442401614974,-0.2782961924044489,3.8751777659572664,-0.8217030914035018,3.0587684572232625,10.801666508724077,6.049825305450374,3.5854271144783283,-0.821412599980607,-1.372031079180961,-0.6468957148132701,-0.4610977672211568,-0.18976664079394626,-0.24667877012987005,-1.2653434303031181,0.7326814896540397,1.9297201944087496,-0.30081268914539866,-1.168514885008056,0.9152846634964087,1.6808026811220065,-2.980391797729135,-0.34100090251468124,3.2456552679194695,6.825086993751681,-2.43265314729757,-1.829956930995067,0.7684011403050097,2.340021888370427,-0.34346257470665437,3.627304904195095,-0.3159257421023328,-0.7950147577316503,1.1874090739668137,3.8507344879994756,2.0286968755267094,3.837372455052664
C3N-02188,-0.43338663750938666,6.3130519489972965,-1.6986516973136396,0.7625606712913393,-0.49821054348795696,1.55388610293217,3.402724939796082,6.098118122031825,4.7199309849322955,-0.12978629569654976,-1.6174380943753481,-3.704922827551155,4.99910967034156,-2.524838951529587,2.0984439410773197,2.0033084111046966,2.1650816645692386,-2.1573877578239555,-0.029525960727920863,3.9890961443312,10.828741523712413,-0.36178505522043286,-1.057074345420179,18.282714882225896,-2.5377623053235845,10.425123899346993,3.9977123682834863,-0.7795747481239043,-0.9469619272805568,2.9293183644340774,2.281069165033918,-0.4667452351358442,7.656109974695279,-1.7822326206974115,-1.770046509756616,-1.9174979333037225,0.4680269116166553,2.277105639764079,-0.16117152686923975,1.9843656709570452,-0.6152648712301818,0.9775478417376724,0.961139298563925,-0.8617197538758994,3.4297397905160314,1.0738242243142493,2.526858885184968,-1.8767457586337075,1.7225219701659782,2.082540174734664,-1.065260548075691,0.4835964937277998,-4.363185007764525,-1.917192747082235,8.402727907016665,-3.1693562581556534,0.11876739638447313,0.2709765069540205,2.7414691444058383,0.7924983917502818,-0.14121779068394616,-0.5084407900949958,-0.2000343654378476,1.811950727199511,1.6067604803343138,2.0572594020449664,-0.2341848102076291,-1.5225173133833232,0.7574402806076027,-0.8706540289352588,-1.9843094453027983,-0.21535265552987984,1.0592584236529587,-1.2480504330559241,0.9043632518144397,1.1198521260136514,-1.2593241332046854,-0.00959581070948017,4.444302077618643,-0.6602572267109755,-2.474864947568446,16.6672530011066,3.612866458963953,0.7328372133413559,-0.8477929072919729,-2.693781131978188,-0.3106983986444977,1.5711920288792025,1.4395428243985884,1.608919018799666,3.0084661751268933,1.3358574541524004,-2.5999405632940182,2.9525208994968275,-1.7002638183841066,3.58110232309206,0.7559475889482754,-1.3324294754839114,-0.7295115328199856,-0.7920724436353521,-1.2063785526620086,3.1899141790202474,-1.8120259841195636,-2.3601741004071606,-0.11424987656061454,-2.192035944514127,0.9717263448268769,1.249866775829409,1.2464696140209448,-0.9119751707669134,2.1678143491533812,-0.7020981581694872,1.1858339797411406,-0.030360951894489764,0.4109090972737997,-1.0258750496582856,-1.224378332181786,1.7770216194402932,2.525711651234796,8.711021087102745,-1.9796584010538378,0.8442448668288923,-0.01262582467632696,-0.35231773554496915,1.5693357516537187,3.763216156341339,-0.2503448692831704,1.016665535445509,1.8304246152001695,2.8419495239963353,-1.321982168515519,3.2230907749539504,0.6523074028069188,1.2227075584084466,5.425010256469574,0.07523400820773686,3.315558262015549,-1.4129251252263217,3.795040864479658,10.80983329670588,5.002559018654155,3.687467714656028,-0.2261810828250924,-0.8076300269705345,-0.5908819061611329,-0.49765261045086023,-0.2612901201276525,0.05724927165834441,-1.3803573394161055,1.2177639093162878,2.057834058618392,-0.09672309891178443,-0.6358223659913642,1.1357049531301957,2.0387335573394316,-3.406037062349024,0.27969828492443927,3.376494158671808,8.029420659870423,-2.638033369560942,-2.197451870994783,0.800458700054239,2.6559922778626106,0.45749832843486027,3.9563832462308177,-0.22028063593020009,-0.6149050970127958,0.799496785938728,3.510455597207122,2.0497152657355535,2.425133283424163
C3N-02190,-0.648201499477589,7.019477098471618,-2.2264674315854123,1.0303024364977573,-0.7294531538231296,1.636100719975803,3.375628082398834,6.138845278972176,5.054190567440624,-0.11755505904853478,-1.9611956809673128,-3.7548602573846233,5.727104420772358,-3.3343097280712763,2.6255582409234743,0.4691368616567453,2.5746092978668376,-2.5652338420134693,0.07979974225310718,4.1533504370849155,11.257172940008822,-0.4345700031345584,-0.9206094278638408,19.267265762621612,-2.437591779386769,10.628515020750749,4.349049804929934,-0.9163589472922917,-0.7958837274793328,2.868420555780827,2.0592223303882218,-0.20745014122050998,7.831288156548534,-0.9862757012957762,-1.6070337692214482,-2.597369263643712,0.6948022169684297,1.6407932996393075,0.3963788435027839,1.1020387090929156,-1.0330934425705147,1.6966860329123052,1.0753517239327364,-0.6732893057883017,3.02462153429683,1.3350753559398252,2.4597576086613944,-1.6857397996754426,1.3112630377256034,2.0145569740667053,-1.3625535491852117,0.5721740175726878,-4.725682025923015,-1.2653668596519803,8.098690471200772,-3.0920223282670465,-0.06493962834860006,0.45965565226364946,3.1623302343096995,0.28112484662208415,0.09180973461502334,-0.729320589771702,-0.5177636390214334,1.1868573928153159,0.6455645614038762,2.898410614622668,-0.7158817862015778,-2.124612541902541,0.6825520519084287,-1.2058211014687374,-2.5386478594418294,-0.26502217754678176,2.158073711504283,-1.013261903957914,0.713186098260442,0.9038568626452308,-1.2933659324209874,-0.055423524585911516,3.903234833654973,-0.7165791764814109,-2.5128464747973553,17.499861110290997,3.5133443020418977,0.7415933427323791,-0.7066877215542795,-2.8971529833025738,-0.17994511895355778,1.1916023825003559,1.958357560522948,0.9965308863373376,2.5922611128228192,1.5559895581143854,-1.9295281665122128,2.455511743434036,-1.6045223148230918,3.6406489563208906,0.37157063964203535,-1.5410544472981018,-0.49058441829059507,-0.6446659256400715,-0.8201416466618799,3.3612463914170347,-1.6462251074049332,-2.266954427415463,-0.026828347811336473,-2.393765168405055,1.298348443749083,1.5135912649326437,1.3895938833539396,-1.1779895482312555,2.3105571549387434,-0.8010882796726105,0.5705155021063245,-0.4165659317841365,0.37405134653039745,-0.41609581162509834,-1.4059183632149064,2.1280779614090597,2.3252823668049993,8.14681789499977,-1.5667686700625976,1.5914939767581817,0.07907566278340444,-0.24373194780845578,1.8126379937075145,3.6169032859795918,-0.24176625015815764,1.7449930276758265,2.0516100864130937,2.191577987743521,-1.7037829362741146,4.057666151448045,0.18871966300141094,0.9387213132613089,7.065448423733819,0.10356150693274727,3.485833845909851,-0.936696028442286,3.965922591032135,11.899596696460021,4.78306934920654,4.664625216388393,-0.25400807743596854,-0.8689101110500045,-0.23512824710474517,-0.42045992304044166,-0.551667970143458,-0.007382518831360202,-1.2302722251959037,1.3341468174426656,1.7610522659478167,-0.958404409040498,-0.32574362848904037,1.3147020812839214,1.6311869802252184,-3.1457049181105705,0.14728646139429694,3.70449589928714,8.19778205513595,-2.8360345070805537,-2.430123301544186,0.2529149013532483,2.130954419299977,0.8384065845944879,4.009879344508149,0.8929948974670897,-1.4760533940761809,0.6445224562665202,3.143885050092301,2.276780416955556,2.8882670084521216
C3N-02255,-0.9659975176356574,5.562483863835543,-2.370841381523894,0.7859485208124138,-0.1392678684219597,0.6780775404106499,2.005379375308549,5.167437788800374,4.623800438189661,-0.7239654394727512,-0.5876979963724179,-3.745337724353819,4.272425095058864,-2.626050391606685,2.266006952674406,0.7556984232790469,1.7140302726224594,-1.5498112428593471,-0.20873809460288498,5.372555576912071,11.359962175858998,0.09282448516617872,-0.7362612412547413,19.936819628489115,-2.8147024719564877,10.677362219521171,3.7324215019215483,-1.6982314635633144,-0.6730227282444181,0.668781247870815,1.4730831488136382,-0.9460646282812749,6.251575028584426,-1.3319630037807755,-1.6174104238726204,-1.5104694690020655,-0.5651399573988967,0.7171286672369802,0.37758665449867224,2.920634465152179,-1.1841349152880183,0.5565223062458192,2.140545571829291,0.19453644884120344,2.879546318850986,0.16791474805574128,2.765382151313364,-1.5509564476915347,2.2164013741352733,1.910256734760555,-1.3282843799730124,0.0942287209856749,-2.3560410692340037,-1.3188724642879994,5.82692395113127,-2.8385186522544035,0.42885841395243757,-0.7335414525845251,2.045844972577131,-0.25433642078289176,-0.17751723791943386,-1.3168461182563844,-0.11008860815532073,2.0538600333713926,1.4771424893908998,0.3026331244036179,0.12406432979173763,-1.5839709963646798,-0.03497453246687445,-0.9946146567904164,-1.4308710003289506,-0.7538796582656964,0.5961914265889484,-1.6046531618974784,0.19927766119416102,1.3624463078155125,-0.8627349358829371,0.5060612271158765,4.633869470639128,-0.038430605080988986,-2.768123551482518,16.240549992011008,2.6100262426024328,1.3276568785262814,-1.585909838760569,-1.2618763531964305,0.07272009232189076,0.37606543679878196,0.13503045396286556,1.3972978007813455,2.6849720420359056,1.46684110102372,-2.0946240725127105,1.9729019902261449,-1.2239972865013884,3.7527887175018533,-0.019503388683277743,-1.0988837294648144,-1.3897288274209978,-0.3678809226145362,-0.8254284151507502,3.1988833243113333,-0.7602643864946278,-2.810324107910197,-0.23036570576952722,-1.4175825753052456,-0.13269341506537263,0.7508820783018584,1.309139161948614,-1.2205217626685632,1.1720737731420874,0.14931588747375096,0.08753437709947906,-0.32541775487692703,-0.4209099695124911,-0.5627032726626696,-1.6166539465437846,1.4299673997408315,2.0570378961545606,5.365882034132237,-0.8621945649103089,-0.7853314274375444,0.04721954027897101,-0.2439918144818555,0.7266808192856696,1.8242049026104021,-1.1508678558224614,0.8310919241711403,1.6479536712629403,4.088140987642236,-1.3765319654557817,2.4748193500393083,-0.41096452781502757,0.3238227064362886,2.661284816942313,-0.3095799125968074,3.5241377016881117,-0.5955884057221098,1.551498593993116,7.304210470763699,3.2875658404146715,2.0172371705448566,-0.47721962043840016,-0.5202015607438831,-1.11711780664151,-0.1815964164673151,-0.25394312348748604,-0.08263256147835356,-0.5716069505702533,0.883893152423838,2.2980277260147375,0.9092949614978644,-1.3139721870975734,0.3751757889099566,1.803314302097865,-3.1565230622781857,-0.6186761385151321,2.962087245298372,5.644303306707861,-3.096425430496596,-1.9476446461220167,1.9566415182308357,1.5224548788890264,0.5304258717048,3.28080187852932,-0.23347949155255698,-0.5587434595756484,0.6001090790839607,3.4139987548393433,2.2534360196561183,2.9582325937465224
C3N-02256,-0.9288068390425046,5.679324760670458,-1.9392420834510729,1.5740226645460582,-0.10363295503589932,0.9719841846677242,2.7506528927224267,5.8978109036193445,4.172037970420157,0.1356176382493007,-1.7801982068808266,-3.9987927914735346,4.546444662769864,-2.8496464914466126,2.7643899102662783,1.6252017416093094,1.9157773003158252,-2.252772519869215,0.2551812542647858,5.27688657955055,10.037861235592038,-0.6322269116813766,-0.20149935305441963,19.564014534712467,-2.3933075704042333,10.054725017514842,3.3697606563595937,-0.967301845608012,-0.6614991965535845,1.054847217727581,1.594727197953116,-0.8657116213551638,6.113221837216832,-1.6366988699875062,-1.5170687669681748,-1.6059857240295767,-0.7849254906122259,2.0840713676732943,0.10692572091130809,3.140204332721727,-0.3967969704533661,-0.9968834354711225,1.664382597572697,-0.5249619672259546,3.3545350176073714,0.49898117400605135,2.8118896371999766,-1.7610011441788074,1.9694491492274764,1.6648897731562045,-0.6893358942426336,1.338092159887205,-3.4744970591566346,-1.3554266368916468,5.963637300663512,-3.2225488130157536,-0.23728064607507723,0.09471374089597659,2.7867514147489096,0.5105107384159598,-0.1485253062538301,-0.5255716366520579,-0.4330948899499328,1.4452956749065116,2.3528727192375896,0.7220355128169537,-0.1442594354571959,-2.20845941357023,-0.5231580439137037,-1.3313464104570705,-2.161283531277773,-0.2892379341950067,1.9793053696889618,-1.5365861923937374,0.860051913681473,1.3227415383631633,-1.4478514394498996,0.04607045268270189,5.079647789214827,-0.20668591768634792,-2.925848354058067,17.000268646253183,2.6790773042510088,0.6546757857573282,-1.1661220134077677,-1.3209557010844493,-0.6409465616288497,1.2466985209175327,0.4170734041578268,1.107316592628979,3.245277345626245,1.0418204700172997,-2.254595313422561,2.106133456592737,-1.3657161068778858,3.515818427965433,-0.038290304006855944,-0.9399738593395202,-0.9950897870589884,-0.5252456917016919,-0.8405578004728697,3.6821638254197766,-0.9570561272696,-2.1018981810193473,-0.0024935908217930723,-1.7241372327842164,1.630492763319821,0.8577028448504213,1.5248300158329002,-1.005117492114862,1.4206039837642293,-0.7748914799625723,0.25162500620287265,-0.23818078242550533,-0.46345251232905665,-1.1171097038807745,-1.3546415370808436,1.8662122850407818,1.8268931080488506,6.741164839119851,-2.3397814497612517,0.005025583217408751,-0.2296371574071371,-0.38128688703133473,0.9489410990244423,2.029920116014652,0.22155378909347706,0.8826130425156667,3.633566430570596,3.174406930480478,-0.9220610107003369,2.879383275253963,-0.11194456188113469,0.9349612679558913,4.4436076477432565,-0.13450088454008197,3.321456812407085,-0.8260140977776238,2.7917587825740813,9.848664286707946,5.081304552522403,2.9542923132775596,-0.5473480510742456,-0.8916472422780853,-0.9016989385890869,0.012450044659812465,-0.2455083438625918,-0.18828780922541766,-1.277919030929705,0.9958712168916662,2.576401754470327,-0.26701714097490503,-1.700685663271866,0.9455902616497192,2.0547955366451323,-2.6227966605649837,0.3997099632742318,3.244973364268457,5.606586629928954,-2.806474313695297,-2.0253945212804947,1.1440445701401252,2.8287585222658103,-0.8411084967127958,3.84465678604615,-0.4719736562643568,-2.5106839529348446,0.8363449206537895,3.680499689017432,2.2698333760668743,2.7466499956166572
C3N-02769,-0.4768217149868971,6.440842680859105,-1.6550501655504917,0.36529970616944574,-0.4117247974722806,2.060481911734354,3.9652500700809283,6.159067977237409,4.386921039384416,-0.42502244919505416,-1.459439836242334,-3.6498330135984305,5.095361411559245,-1.971552081640588,2.3396074679739556,1.1541918878689557,2.3649229497228617,-1.6318322225740993,0.08419355219890826,4.804479281520313,10.766408107468557,-1.293293032091225,-0.5586762236074635,17.273348060157023,-2.569284979965735,11.236227953153307,4.44019994766882,-0.650214431451343,-0.2859481269035811,2.372456015776552,1.9522744625747794,-0.4451789739387816,7.204694074932868,-1.7001747811438888,-1.726241999900223,-1.5416220044965296,0.061859328316482005,2.2748889413572364,0.31044335169805287,2.756709323893166,-1.2666317654087416,1.7903660617774366,0.4298872852662873,-1.072218212207002,2.8580918118706737,1.1946232015004692,1.9163769400318735,-1.8624786980663495,2.7312029912912403,2.2700281734967875,-1.4508910876501544,0.12942059812033868,-3.372072845085445,-1.5358695107340992,8.162655072706972,-3.285944036574808,-0.45356481700800494,0.30234284966967423,2.4377446392661963,-0.2190917873586067,0.07623689736968298,-0.25752196619084816,0.03050270518007089,1.8188231965102208,1.228638540214355,2.0890032299038945,-0.42131405705776953,-1.8685702632594896,0.9232049253857169,-1.3374831314764541,-2.0961659377686224,-1.1983528132213912,1.3594038048249424,-0.9906280539592612,0.6242242546619512,1.4104041270655403,-0.7581682671075999,-0.5138508994042095,3.619981566193869,-0.25243794297265976,-2.2848840545446634,16.77100229104392,2.929466965346467,0.8953117985893834,-0.8354087887234694,-2.5368174190198234,0.36602596801648474,1.2664745131423445,1.1345604444962838,1.4887717109315448,2.8094884686094526,1.392243424109964,-2.0445013099889064,2.057325049656794,-1.641295249868257,3.711555565563947,0.34992399861882717,-1.5073727660106262,-0.7107030936713808,-0.8252208029810565,-1.0452315531009368,3.3711611805329356,-1.717683717009238,-2.0670292496109184,-0.14211443330197152,-1.7746030132228525,1.4080295467588362,0.9028697056947479,1.2117466171732891,-0.8811998665755453,1.8521336783822122,0.03542376797337724,0.4486393970079582,0.03251341913660348,0.6681798339036885,-0.756278436051061,-1.7172036944668003,1.5533902932355397,2.800632550568736,6.057313342329794,-2.553066129613431,0.37105604307757883,0.028014351225121224,-0.03179872963220696,0.9671597892429887,4.122339320508817,-0.18823012721725596,1.6856017454780534,1.1078121128403917,3.482844542121579,-1.3008683991803256,3.5818261862323664,0.1771052408559281,1.3401380500565658,3.892741419781578,0.035178779142408946,3.658110471185889,-1.010832084711954,4.087707153327567,10.203474170007608,4.9955319441399055,4.2717891561732095,-0.5372711265435537,-0.5823054138140695,-0.8508012078237811,-0.5827030572959702,-0.5072146433326258,-0.13104302621485836,-0.9975702832365753,0.9201307852048857,2.35109598577761,-0.7116165087994497,-0.08830815901144065,1.1261538699074822,1.7830185883282743,-3.232043601345628,-0.6236155119983804,3.545599783559661,7.498961231186748,-2.1431719622881036,-1.7402545187821763,0.7844768505438096,2.250043516155813,0.48953423828405995,3.832622015782032,0.04265108096787959,-0.3367319008091687,1.0441957236067616,3.3887406705797973,2.202274124796987,3.1372094652688323
C3N-02770,-0.7953702326686072,5.875825445404885,-2.194694509455776,0.9420976963094979,-0.4394334281334644,1.3321336256177734,3.4590495479460626,5.953544443615755,4.467754629687605,-0.23664388824572402,-1.4109095559177673,-3.7675110146254203,4.4429739662620715,-2.7207613946853426,2.210714372638262,-0.6800715027802895,1.688042529730796,-2.147688194801287,0.05970100141105541,5.83596893929068,11.098291732309306,-0.32646843947700255,-0.7893633137874704,20.09389098392207,-2.753897624212145,11.536057030983896,3.7479642958994566,-0.8971203631509718,-1.0654787513041237,2.348493709822624,2.068452100298256,-0.8461894158498064,5.726708096097871,-1.7154792006893027,-1.1052579535680087,-2.2591194728533397,-0.15782307430047124,1.2132148150362276,0.17495548115981865,2.3565273847986385,-1.047244076173044,-1.0410647028213653,2.1326899884261454,-1.3179966912190275,2.9894179850218583,1.4380670796172594,2.55926403061922,-1.3414635750135884,2.143837875125797,2.130420326021358,0.3407520373458002,0.32652533228976144,-3.431692243543853,-1.9673557657016665,7.559552678131558,-3.263257872242918,-0.7957433421336518,0.19813064872734978,2.2165303088256816,0.4827626241408028,-0.34872760015477144,-0.9433841618066323,-0.23882032194295852,1.817320272616659,1.5931091815102145,1.5020532117967151,0.27066797967447165,-2.02367462234974,0.7996456954603655,-0.9369367225977278,-2.43893781985076,-0.9911339893882974,0.8210112150676401,-1.535059648972401,1.1113462439808601,0.9841650781632876,-0.9563003681721312,0.08510685415852408,4.9918592127213435,-0.6754631082175218,-2.444190471119103,16.594242082594253,3.349172053297299,0.7304229847188874,-0.9333756716167685,-2.4033648814295043,-0.1468693850552981,0.7528621270545808,0.9221574515304611,1.2122109697020316,3.027676578239252,1.308079343499922,-2.293090722377582,2.473479804619454,-1.5776705330754162,3.780337365536951,0.2770853533129994,-1.582108384458441,-1.0038453528205382,-0.3237524977013332,-1.3292792299932576,3.3123569414572196,-1.3388603217184987,-2.0751457356569616,0.16640539659934858,-1.5116661774340479,0.9468566586901189,0.6574655995891816,1.3225729052014765,-1.454535721493561,1.741149600552445,-0.39136270444372223,-0.08995451647210684,-0.21325181925443204,0.18296049963061886,-1.0342494953324162,-1.3875951389740087,2.1526203106518245,2.257372060532506,6.876019747512608,-2.3120266103323948,0.933982260216624,-0.0962557556906844,0.17028111421220885,1.380033377732235,3.0469003711052163,-0.21418939104731807,1.2322134052584932,2.430435507995657,3.247080791625213,-1.073544203290031,2.665205736675679,-0.2593901108386562,1.3507678547011646,4.182125562737713,-0.29444722557887565,2.760667629773768,-0.8355884564818311,3.483353154800476,9.403729572848551,3.7585553258713924,2.8534186551036873,-0.27552538422355966,-0.9626103591181282,-0.5323141282412928,0.12382521075684083,-0.44738001450505344,-0.25232038810092505,-1.311028078670073,0.8662211749069202,2.5982172200806466,0.1793711400190473,-1.3654115357570806,0.9252032154525124,2.5078837798830285,-2.563704034416646,0.3855595253470621,3.2278030357869665,7.133397545489037,-2.3082901415978143,-1.8943110966068906,0.3460193009793106,2.3034484811508618,-0.0471736686943133,3.6223533911595087,-0.6508632244905708,-0.7487069619628198,1.1960603977379147,3.699349340100978,1.0630255638685067,4.1601583029658125
C3N-02782,-0.5360790500034727,6.438239836971497,-1.94202628999663,0.49323987661370455,0.13757869150371213,1.8991373559364912,3.685976938903628,6.122484637911866,4.3736867842800855,-0.40925740613567635,-0.8697478818529549,-3.879754235452968,4.615707899539365,-3.2095120189188577,1.7736026455676548,0.2863762685825681,1.9716357780429927,-1.6286815908308905,0.13059922857784287,3.491400389485311,10.586978552779089,-1.2142874665922296,-0.999113010436752,18.71573549174381,-2.4910668485212026,10.492889284722365,4.32195219794448,-0.6295915942633789,-0.8124892821778472,1.4601440591712875,2.4424096723034303,-1.2451126632786667,7.112790867287969,-2.0726592704661226,-1.3175126587797144,-2.179183477804324,0.39113235120760914,1.7339661519827734,0.7482023614765513,2.6262849982868732,-1.4357223721326715,0.06849180579772188,1.504089734829711,-1.674710980934957,3.30641569827536,1.4482943633765235,2.83284230119591,-1.3442769965088308,1.5841526023010302,2.071768791356663,-1.1510730947431869,0.26829882484389705,-4.049540078783119,-1.1403118961412566,8.218407325462065,-3.021937864133216,-0.24001459339160525,-0.2984512204687062,3.4337300788603935,0.3586580427698493,0.15723021603108017,-0.32829396558587115,-0.4728518633265902,1.4674960437686564,0.8205203603956561,1.8484474976127472,-0.16482991606732597,-1.9654543342607973,0.6054844451938733,-1.336975442567263,-0.7011712224044363,-0.5159287633663849,1.1536000829245807,-1.5034664524074146,0.8972671699952536,1.200626674591588,-0.8671802355337117,0.12111494689586336,4.028009008723066,-0.8310674908224698,-3.3498987876050785,17.30869689278718,3.948948040295174,1.2395676355034484,-0.8776095219161234,-2.2954051414014836,0.027209915400343482,0.9650024048504109,0.8286820326096949,1.2218113575923732,3.109779667814431,1.1829813338422346,-2.000289742363588,2.4874360697292692,-1.581170103562031,3.827801069631319,-0.18673085216792143,-1.4262281392646758,-0.6790289180904608,-0.33748227121874985,-1.532402532521878,3.8382641769396106,-1.5376691078514273,-2.389501167284395,0.27655881270932275,-1.266027521005657,1.1455713458492711,0.6311531113121892,1.4005644504050636,-0.9556467036057513,2.0372154551260078,-1.7420418174001742,0.10769505218040194,0.39203394064901864,0.47670542146973943,-0.8884997658646577,-1.7376260321325436,1.252837731405697,1.9957967224754558,7.108133952952247,-2.4044335585643175,1.2610837759004976,0.042600165323374746,0.06577513023528295,1.7903612997750276,2.52798145776535,-0.7594428652210338,1.530850942327026,1.9162577787741166,1.552536791774066,-1.6413388523665378,2.7619511280540356,0.27646089539809227,0.5683112925678636,3.8293343767529793,-0.12810764625396404,3.167768882613774,-1.1455141546861343,3.6239800252252365,10.313915227117372,5.019668927904186,3.3652626915813397,-0.39963995287997994,-0.8004541232377411,-1.2186028207290815,0.2341320568575948,0.6159347661276044,-0.11565333525258684,-1.8157489192740592,0.6373014542622589,2.2133776536621954,0.12422073546402526,-1.6136261928593034,0.2969464458667136,2.500508592664144,-3.3266367772994387,-0.3114486838139965,3.7637909061975505,6.796805580966855,-2.001358290985424,-2.3732340044211617,0.9663382998552515,1.8949646062222312,0.4310597368965235,4.345794031002814,-0.08081462669709602,-0.08080248939128998,1.2123154599354387,3.721200552598164,2.1816163493830354,0.883698925277773
C3N-02783,-0.7507124612099987,6.312840511530589,-2.024678271599889,0.14487458430563493,-0.17226038183035072,1.5659920389622188,3.0261576704270805,5.999460825789458,4.731181280308884,-0.11501866647562575,-1.4749859305890263,-3.6860254635442367,5.00816743273193,-2.8880360371327676,2.9996321706877764,0.5245659007081929,2.5587932466025993,-1.6448305539216002,0.42123259236219485,5.685193933000274,9.986024665204303,-2.590093998627805,0.03622120148628427,13.612683621702713,-1.5264916493830372,10.925685888673197,4.709140315619609,-1.6454066466658888,-0.41431477000950095,2.058978251512212,2.6913375726851276,-0.6057231849060534,6.940753443197423,-1.6087131394540781,-1.530653293821961,-1.4592341762419896,0.1374317579569961,1.435100256738643,0.5000353445335999,2.6394245013948385,-0.4364911236871242,1.4856823573747193,-1.13445167941731,-0.4879497545552705,3.859731764985631,1.3409410273470586,1.9619946094924965,-1.1596641284342397,1.963146849646734,2.0665585200344503,-1.417243742742849,1.5528568026419878,-3.6695929191653067,-0.8184204665084115,6.956609504401962,-3.4599861998648036,0.0763254538297942,0.22717299872899444,2.262714116381612,0.288648154139703,0.0990173064083941,-0.4370616085010058,-0.019054917991989585,1.7168193436524253,0.9906710324923643,1.4896650928230686,-0.287989541699641,-2.35621026205319,1.0886739170030089,-1.7487441423369563,-1.5309759759476496,-2.3640815405794933,0.9010922461479911,-1.609999913879437,0.5190371276219604,1.3911592645606639,-0.1054705684416311,-0.8544961206391078,5.336497571295808,-0.39906479217724156,-2.330099841259039,15.518395607613275,1.5844038453044151,0.847596417331882,-1.0112448946424484,-2.7120665779776716,0.08634792628466198,0.6089093056804646,1.5772981455360973,0.6652669619487954,2.612114318126248,1.5643774077040893,-2.0647507808648373,2.7985022296721502,-1.685004645416689,3.394279764624415,0.503903668016736,-0.9305349890273938,-0.8871040672275515,-0.9396354868425094,-0.786763539539431,3.5865865098089507,-1.2010465722158326,-1.9612203282293657,-0.19006483682903103,-2.467843223657406,1.540992535336335,1.3397241213494386,0.9967410269508933,-0.9158707772685571,2.7757884928144163,-0.918901011695338,0.3140429309426737,-0.35335492120639717,0.6097895375068765,-0.7926032278144506,-1.08047683923676,2.215554527038251,1.780225485272338,8.56330150071862,-1.2269699710856528,-0.10993129072027168,0.572974726427283,0.17689668375321882,0.9351345169698735,2.1297522514945726,0.5521118626485683,1.032388368853746,3.4157562124988554,2.7133708690240166,-0.588726137355906,3.7559881280954617,-0.2244533186864807,0.8041878654090345,5.877727306413315,0.38337615379735535,3.1288563857428957,-0.944670981595557,3.609160859418027,10.773519854771568,3.882548978259025,3.1908490035998116,-0.33587189543091545,-1.234341548795143,0.49896105232939647,-0.20465120594148062,-0.1709977838103883,-0.31783488093658857,-1.3060688626721877,0.9376437087306544,2.1724064070701616,-0.17531415947469392,-0.8618907787155757,0.7356714265451737,1.8542986588679993,-2.723070212783415,-1.6689099942108103,2.9985048318888223,7.379518026297404,-2.8949167622971874,-1.937114291248701,0.7634082453849732,2.229905523092399,0.1434981614559117,3.9198373943972826,0.1551961176270183,-1.1762121289698138,0.1031932515684165,3.749754748351373,2.7380008184102893,3.29038512867095
C3N-02784,-0.5588062514358766,6.658629920319198,-1.8292970838757507,0.6367248631717873,-0.8584263498381517,1.5890612320747226,3.830036449147662,6.273959625246826,5.014775488296993,-0.5819509649691249,-1.677225816420851,-4.036679978816381,5.403935245043916,-3.1632850298241535,2.7684136503603876,2.2610405295124565,2.224800476857633,-1.8502433575731152,-0.12776118002819697,3.813180933956366,10.795299522851225,-0.3479680145171086,-0.5048066147963253,19.350839196765442,-2.6103745800067024,9.462474416652247,4.398203087402346,-0.05052738195518663,-1.09937186645823,2.2479324256233832,1.9752438341172376,-0.35350374853142175,8.130434626724599,-1.6508753714840179,-1.8980424952440347,-1.8689792576372084,0.9033190840469991,2.725007310970314,0.0723411091815127,2.341367492361525,-0.9957634736701578,1.2078580058672572,0.6908655536918777,-0.4802931331199856,3.6387915089866634,0.7654873075727295,1.9234069439645785,-2.163893958989267,2.0137570529354307,1.9236760032484381,-2.0714964480025047,-0.12207793663725541,-4.034779324169565,-1.24596821797228,8.800418172270508,-3.0416085234457437,0.5594097262511046,0.4952794160600777,3.065601205059372,0.6591633361789503,0.1878819797628128,-0.3856622073011136,-0.22622612090913047,1.6726097842396341,1.437371154796104,1.498828945742428,-0.04519471316856957,-2.183558465032052,0.8213825406167765,-1.6615454144103465,-1.5326341928657168,-1.8438968832277953,2.137732972188891,-1.1868818180522953,0.25713282949855076,1.2776918793832515,-1.3537587490723617,-0.08826761266588116,3.868434486522996,-0.4698348664827154,-2.680954752194892,16.924533282897723,3.0827049924939804,1.2779179636273337,-0.6158595524762482,-2.625352641032636,0.14213103657974668,1.3670976745031633,1.8342324998297086,1.3994822943376488,2.6686133112285866,1.539358054460841,-2.157709219109663,2.483109362364205,-1.7060808696697378,3.5077107922027486,0.6834657090293498,-1.2744511119377444,-0.13330715638553453,-0.30143080685470564,-1.3348698362359555,3.775773197590391,-1.8043078242824078,-1.7622768827833601,-0.3707699873755763,-2.501840231754755,1.2186312901055134,1.636220621133043,1.149667874177492,-0.8673053384796672,2.073704614319233,-1.7363838089251833,0.5422950827417747,-0.32125402540854175,0.521887065103038,-1.3973964231474991,-1.1660216943452784,2.1530620331976005,2.5335296092481974,8.145394677283365,-1.868564633842541,0.1464633770500213,-0.07162994722023942,-0.12683632140694176,0.9446914332000855,2.6849822714103273,0.9842192546609849,1.4422362021006467,1.3616059446658642,1.4322551718745942,-1.899626107530978,4.151423022374377,0.5534147363348444,0.7644673420948311,5.069466831761638,0.3817865449985684,3.217724392421853,-1.1569784699413503,4.3108750851094735,11.50886311080269,5.251915150053759,4.436485038336908,-0.2594892962859649,-0.7186844890427729,-0.8318191241266129,-0.5610611598704849,-0.7849598924841035,-0.14939937268806794,-1.2931266067896823,1.6525089521974037,1.5824431897769726,-0.4069386622631043,-0.7429184574181521,0.2995589021697555,1.4255369297450766,-3.563124804100948,0.4362220630212191,3.704729241660364,6.611402851775892,-2.8224224892972227,-2.50399986890714,0.9248876277715798,2.284828498851859,0.34278094050284663,4.197402644526443,0.5781811294847536,-1.397163266084691,0.48489425452773416,3.34885005045286,3.113505319552432,1.3423900378660787
C3N-02785,-0.751345207220742,6.591769387943086,-2.1043276653490635,0.4797586142587674,-0.40322870223211027,1.138189550249671,2.9022598087578557,6.285939141540365,4.887135174458037,-0.28868040604645184,-1.4686679735172246,-3.721188681527046,5.361430698142663,-1.38060822827481,1.9232425566372138,0.8659816906434062,2.138736033639115,-2.0859177966587774,0.025215003326395074,5.557252199443031,11.555597320838004,-0.20457160556962758,-1.0251914427808753,19.197877724910143,-2.4979467474554427,12.155410798197105,4.761851494097478,-0.9608946085163238,-0.8446223322818162,2.4850769576564975,1.6772856903346522,-0.4680375508582091,6.699499213015214,-1.6340621749024324,-1.1953675817022795,-1.846866556838818,0.30517268567067307,1.418364156879985,0.27144179437760696,2.612819534819682,-0.9505196501008746,1.1979337408171775,1.0011201250234327,-1.1185006912677118,3.3043935188725806,1.3024667292416154,2.0252722767270566,-0.93786122876579,1.8939831413175252,2.2803821230039496,-1.1419466806715846,0.547850111932528,-3.829511309760657,-1.4938456454708102,8.207394260891858,-3.5551658602733087,-0.47458567908063104,0.4314689282674828,2.400505803319796,0.5766078941262718,-0.13207263007717784,-0.6697069159365947,-0.30784480611949455,1.5661770409150073,1.6432717314039804,1.5040107977943626,0.42209041673734116,-2.020925902825184,0.6954448565237678,-1.4071390823998742,-1.7253623819384458,0.0357354136770344,0.9956576705582431,-1.8214025319836884,0.8792784970259634,1.1939602539326226,-0.9169528178204603,-0.20613323246235807,4.433546096732261,-0.5472312579166604,-2.937309445595041,17.4214044629064,2.8345208253783074,0.8056932247256394,-0.7721311234139874,-2.7744881725340536,-0.47098912356949,0.8212085369236892,1.3926941348509454,1.2369259292768213,2.9136461612934124,1.193289381842486,-2.5727723515540415,2.614147784487196,-1.7027770406759082,3.5778870394802818,0.31475526769757795,-1.3852613446807145,-0.899739688199997,-0.6268413342206799,-1.2403481447211788,3.45533880490519,-1.5969018735872127,-1.7686621068538,0.0053266082124167466,-2.0003525819456396,1.109893808987945,0.9108212227220082,1.0727871710162644,-0.9747867575808926,2.0918600668550935,-0.23085944621207427,0.6686236150747586,-0.01644524155337943,0.3903481078198416,-0.3690272175999818,-1.5138315346502274,1.8423264552969838,1.9821374599137542,7.197008048489148,-1.9643179563825786,0.3043798938345109,-0.09043835376544414,0.039243351191922876,1.580689437658658,2.724736370564154,0.2858202816190702,0.9973268369791664,2.53741667805141,2.5327076210071753,-1.930153546207597,3.486232035178481,-0.2772596260669751,0.6555336376420007,4.322372842214842,-0.4007948806791304,3.039175264581741,-0.9157355491443839,3.9473091578580766,10.336126018760876,4.593727856833957,4.064223840400931,-0.7101593769482286,-1.107226968643933,-0.6720174418146175,-0.18093320204523858,-0.4322979780070166,-0.1326097221905928,-1.4693960484346313,0.8821435593082121,1.8440286327626716,-0.5807718385829802,-0.7785489668464667,0.9608462797934614,1.9014786136805215,-2.5915562146380196,-0.05288673492585472,3.3319713140376193,7.171016419143429,-1.9369805736006502,-2.191725636397755,1.15483032603425,2.806059375390746,-0.16017364970235107,4.03188212320266,-0.4882479827254624,-0.6447909578756998,0.9406729739553374,3.6263882357276236,1.6391204807629283,3.8930903709291247
C3N-02786,-1.0492570306481472,6.223808805980647,-1.457293714790835,0.4553265249340422,-0.6176114601576387,1.8033678868160614,3.121895276635707,5.764718382696118,4.006603750713519,-0.638034105875822,-0.9427534136829504,-4.082852441705532,5.665551011833128,-2.503844966453234,2.1092988428419885,0.3377925591290771,2.041918223250604,-1.7256364738156484,-0.1538271682826772,3.934406118416307,10.67578426213898,-0.782012448358513,0.13041045136394114,18.49165032381099,-2.796686189762171,11.646941213560027,3.4313853914839636,-0.8947146583641483,-0.6277897101675403,2.7965727318185865,1.8479426117238202,-0.22359946454717808,8.42360657763474,-0.9358498572476744,-2.201624612858498,-2.225980996786368,0.6529402944036999,2.481377048689232,0.01568719547340809,0.7456709525475209,-0.9457294056363188,2.0410227054847785,0.2016317798228601,-0.7001716983116092,3.0683404922599236,1.1445771566368392,1.9330743054724555,-1.590204882998011,1.204102055315002,1.36022025235713,-1.6311774290196588,-1.257545407353761,-3.5400675724434856,-1.1440083759893869,7.852558812912565,-3.5995182546029256,0.08417030151319897,0.5691003681481368,2.771992644704751,0.6997377695266134,0.5455064038762761,0.06155638345897182,0.17277352185632597,1.6173483534865536,1.68387092387878,1.8301108090609473,0.0694529895617941,-1.9414512207405783,1.6833688111921428,-0.906034682289149,-1.12097619980307,1.0434238283296615,1.8276416666912392,-1.0037714950584118,-0.36080039657528357,1.6691740043131895,-0.48558274635996873,-0.4051056578411539,3.3695925843890735,-0.12595261610596184,-2.4870614565585316,16.205538973249894,2.499215374403536,1.0722144581338438,-1.3558932998152677,-2.6660791291695944,0.13667012659812117,0.18695047445964402,2.1839693738250325,2.0345326517731643,2.287201389996753,1.4304353934254064,-1.7127956071326533,1.9271881212660529,-1.648444939021406,3.8545414518221923,0.7287599892444891,-1.9276395490618887,-0.5616703042259639,-0.5747167905156166,-1.5534795734491835,3.670965615681679,-2.0079245384753506,-1.5003408722967557,-0.6739950577818429,-2.7881120334548424,1.1620424213384533,1.5410047547062455,1.0883270634722377,-1.0806914597690027,2.518399294133772,0.12424421497616041,1.7198687096285095,-0.2533969232615886,0.12577063809673183,-0.48329387423134473,-1.3450797300390105,2.212475691982005,2.2917591992822177,6.16361495757491,-0.9571906922920886,0.1274428096444364,0.3076513313170595,-0.10021720973712599,0.3960489754830711,3.2677813624886713,0.2155554079343161,0.4170988556960187,-0.2816572266710386,1.0145259441129166,-2.406107792732467,3.5440995024059405,0.46548450850231504,0.5090964898173734,6.39651294516098,0.5986260332350536,2.944057298727434,-0.6664707810512317,3.128012503500652,12.712248572790276,6.4566300416136455,4.00806740287871,-0.4583883041319235,-0.45438832296066095,-0.36443007853049625,-0.3871374511288574,-0.20802826942401603,-0.7340498757629615,-0.8616029482208015,2.1150552230871784,1.2827300067861067,-0.8173461188682541,-0.10642585269616,-0.18495857414221736,0.6973155265229266,-2.017356875751171,-0.2674623211757119,3.13485298893151,8.037641731374652,-2.8739220241077477,-1.9890985541144461,0.3458124172568874,1.302924504937041,1.6956458663152199,4.912809021311136,0.39534864618887194,-0.5286001601690602,0.6424048453442506,3.509398148074266,2.205231789092789,3.4124365302443413
C3N-02788,-1.2913674823528902,5.967402924194612,-2.0632844321112414,0.6703504597384301,-0.8768587806587013,1.6175459014928069,3.917631472947348,6.493374687100615,5.027732340913158,-0.13075529409234024,-1.17783135813021,-3.936539896315596,4.983656419341544,-3.0550741752430564,2.3280588765371215,0.5842706301071808,1.9216294586915965,-1.7629462597694077,0.17468094851825383,5.015019004342098,10.256541005969417,-0.8757498485180123,-0.7538966281489106,16.53957381151381,-1.9499611536413812,11.234897302905235,3.4648443979580605,-0.9030749991089129,-0.7629020376184498,2.161204931905789,1.604084401296954,-0.49600681043910333,6.674361874483254,-1.2282290993841731,-1.3417770956487476,-1.570781803411522,0.3362898916557174,2.3327805722160058,-0.0062589936317578925,2.454637942188106,-0.9020536092803483,0.8460946824605652,0.4409036120689825,-0.3571184995478839,3.4861890846868833,0.7289891181203083,2.263774898119899,-2.0807100210019636,2.183602963377064,1.7494225775656154,-1.1762074112541754,0.41817916505114333,-3.3174151018592,-1.5009931567108523,7.34615545605407,-2.8198747351530016,-0.0373143718187012,0.27621900464023513,2.4148420180457095,1.2861829049463607,-0.04707659849702088,-0.44748125907578584,-0.16626845955133873,1.4270842860935495,2.49735223470136,2.250520956185514,-0.9320941919970327,-1.5748760968011575,0.7373014165211677,-1.198624765616159,-1.9349363994582085,0.1270485541528948,1.3410514497090424,-0.9550526801802784,0.35659061570952394,2.013248229795573,-1.0159589977825032,-0.2106983016626733,4.289388222791539,-0.4475367044933264,-2.652281185742923,16.77560221018405,2.6441547119223556,1.2113051584000978,-1.1615521052239761,-2.863443406000381,0.2116817535000975,0.8135165422008092,1.565885983098173,1.5011604823380003,2.8147419157679736,1.4971180918044973,-2.3894949308196205,2.896125399346147,-1.3105503794002133,3.3610311151173864,0.5284608673492701,-1.1008693541258423,-0.9457986367295518,-0.4604657860197874,-1.2302433515015272,3.3874829395257358,-1.6089169521031703,-1.758581616238672,-0.30623452823755465,-1.9175209428020166,0.4371671083261491,1.1855407978202985,1.2758818239854812,-0.9325515757031426,2.2651972140532526,-0.40220266509540165,0.6984493220722088,0.3060445381007963,0.8981653198714699,-0.9839088042390687,-1.5421399455575167,1.8229813998682256,2.7601254456661053,8.709950436080657,-1.8663143737616705,0.3348822849056707,-0.14066448328159847,0.22895658519249507,1.3981292543548436,3.4946162848206352,-0.41766666298587596,0.9438073243108074,2.5612291264769658,4.121808557044181,-1.9068626536805815,2.959869513145202,0.4879435876490473,0.8154529236717132,4.9176969163113515,0.17589852515262527,3.881344188480737,-1.4151644404498698,2.6927127805497033,11.307697319425753,6.187232180086244,3.2182074916156473,-0.10625167468334729,-0.9268304074897968,-0.6263912141658191,-0.25404954001057517,-0.55670615765673,-0.34702784180396523,-0.7843154395341102,1.117047290889382,2.0094169081752575,-0.43568252909983257,-0.4707898804782952,0.7553617449193957,1.7277902341055573,-2.9311191863594344,-0.9566527384929703,3.2221948035428523,7.030756208015266,-2.7483744125839484,-1.8093157519153908,0.29172910895885606,2.284755826997933,0.5173998666865972,3.680281728920656,0.14568521902060824,-0.8841951920784896,0.7431725380141961,3.841480438774535,1.9654256327394959,3.4113764540231752
C3N-03070,0.03629756463643257,6.152093946765901,-3.2896656810979485,1.334919662628724,0.1341605515508599,0.6202314425253003,3.0141113979710443,5.517263840301892,3.3701237795206613,0.2162335215868939,-1.5107816180622342,-3.4777376148563177,3.8730682192709205,-3.271157605149341,3.035831589211291,-1.0170404722831567,2.0513159820350757,-1.5334149725451751,0.05349800829041794,4.897802169818026,11.226372296775535,-0.3876443854232441,-0.06310079455968323,20.29640123582185,-2.702037986394035,10.602110663869732,4.682856730421058,-1.9272623414757828,-0.7727262263203142,0.6728844284771559,1.7265740009841064,-1.041538269805186,6.463875340150218,-1.5284564787679775,-1.736256304070889,-1.8318683299871226,-1.0547580884000398,1.404865741100086,-0.33183354826947326,3.4599491219216754,-0.3076855201833963,0.3271684297197934,1.2886551781551454,0.008065998995122909,3.799325442465856,0.8975631700230546,3.1981651868896095,-1.006471500243227,2.26617993005464,2.4709417983044197,-0.371017724508415,1.1981778062922945,-2.4339598622832184,-0.8986492626337643,5.812492953768185,-3.219264623460951,-0.82879426954074,0.3739182247242201,2.7139695540485667,0.21534608313153716,-0.4097187068804311,-0.7289288011288622,-0.7187079584391094,1.317591162014977,2.175769038031355,1.2044065477211081,0.011753797679636824,-1.507889916193256,0.16272660773895214,-1.46591291469506,-1.2136958719263742,-0.8828948660462731,1.6131438878545385,-1.4315369478333066,0.27465971884575985,1.528523238209382,-0.6813150585031706,0.27045357638898626,3.6446812536790683,0.16568047757303986,-2.3380628222592112,17.463762996021412,2.3651842249963138,1.4411705232533778,-1.215513565034549,-1.2511417135275975,-0.432112294811811,-0.07424187894298359,1.5145468686326486,0.08377360184152613,3.3385302835177773,1.2296796210033532,-2.8815423574841805,2.9805673025910404,-1.1274860765694596,3.7350785514745315,-0.16228084037578286,-1.0297508945183127,-0.7706047175317082,0.05333645215320364,-1.2793988889471526,3.2964610140978374,-0.754094059088957,-2.8582941965530004,-0.5501162137587027,-1.2869081289844868,1.2246817450712733,0.168153713522889,1.4356176265253051,-1.4697792268509555,0.9907565154788514,-0.8844256473617677,-0.5547645511324688,-0.34366779654310176,-0.8160767775889731,-0.9774179338438325,-0.7547443205376813,1.4224285416532059,2.0349534418248845,7.368105072188575,-1.7382448640374997,-1.662708311026421,0.4713837522154507,0.002296878112895945,0.8453465892942904,1.348464022262315,0.7577187312708261,0.8509538470894822,3.1243623902544524,4.313216984152593,-1.2632534098779074,2.8647491010427397,-1.1049984004418802,1.0411890154277712,4.428765897148977,0.10519839977873133,3.3977364172832667,-0.7291858703083115,2.6623530265461404,10.108427607930635,4.496541449520435,2.583306204117405,-0.36696396137085713,-0.9886771955147478,-0.18390112263054142,-0.09270349747295073,-0.6352127462455267,-0.5455411919424425,-1.1927765876724996,0.8807741634767302,1.8881016473609873,-0.018650048708434203,-1.532913614592321,1.0223239971483875,1.3959022662782699,-3.7247219615872145,0.14773202561267643,2.8889543870489836,6.177145479050535,-3.029329725307809,-1.4342517238432777,2.0932379759800623,2.5172220706727955,-0.5717125341669219,3.8299404355187234,-0.24830810987482668,-1.7107950477407283,1.0459444441539705,3.6140520763215735,1.7282431584618305,1.7956153659666003
C3N-03088,-0.5080947527154328,6.164719445288794,-2.3601060702995484,0.4077094015891205,-0.622600887016173,1.6765208029620207,2.6201997084371027,5.847079561547842,4.952425081299824,-0.47317728307810963,-1.367682634212279,-3.518835355164394,5.594061930295406,-3.49193558615063,2.9776470694891257,0.59961716139028,2.2247542467937826,-1.4794493244853215,0.34429262226558466,5.912532211324417,9.996393916528001,-1.707690977318338,-0.552154500479127,15.132797056368185,-1.8795214023206437,11.530592164153882,3.9075254438080465,-2.8810023431973653,-1.184802988778796,2.1580723129206065,2.093799667412681,-0.6209436870166829,6.7377829602396275,-1.5889314423509955,-1.0175482259742137,-1.4812647001903736,0.17403346028334893,1.6995536565211211,0.7489342273160727,2.846249991330271,-0.489334098504132,1.2438389884312875,-0.01669336702887337,-0.30305892204371504,3.2956493623722176,1.1317296234465335,2.287778906977393,-1.6252634219238993,1.9823509142776923,2.6149527670088455,-1.6298992628893385,0.845905975300465,-3.6277668181186087,-1.3455794313146212,7.068084726634317,-3.2318139701382886,-0.015956588669723333,0.27681455569598745,3.0931044140616613,1.252174752202364,0.14676685240637383,-0.3515309567156482,-0.1588566931948487,1.6310988941766624,2.5530436914874524,1.6591619261082036,-1.3530334978173033,-1.9444134434366842,0.8857343003324831,-1.0285297987068014,-0.8002559536698012,-1.7999417522213008,0.9523848201480534,-1.0474404379824358,0.37316509218094457,1.4434617604576596,-0.6203659003047866,-0.2930838357400275,4.493920423743302,-0.31082361293558286,-3.149167422620339,16.077498100593104,1.846961786225061,1.0196586429134116,-1.0509177277983657,-2.5155995607331616,-0.07257339110588737,1.1712049070055797,1.3228166930869527,0.3194354919799256,2.8373430785579754,1.4121655235370492,-2.441518558354168,3.174365553091807,-1.5367434414465173,3.647901055825584,-0.2046409795090238,-0.6056935452198811,-0.6361210169264271,-0.6280717216233082,-1.3345101737354435,3.2613715924620887,-1.5325034473260593,-1.7722695849613852,0.16091187156688747,-2.6327142692643823,1.1440791891658595,1.4581084688846984,1.1644577685914503,-1.2461443409445427,2.5945659752084618,0.5210294098001337,-0.6086704033188264,-0.4491194206982329,0.26375381926163016,-0.6994828414838393,-0.7317111533880238,1.879701178474422,2.1996980904071086,8.543451150648018,-1.6636487331761423,0.15253777098360657,0.25748006670897516,0.3668647304939634,1.7503824211109764,2.4131176900892815,0.2580255999370984,1.4146998785162876,3.2051050127639726,3.837181446848187,-2.027197303920452,4.1980052124938805,0.09100806427080796,1.1104902919990238,6.621557461857516,0.2819771412930204,3.230517654898432,-1.1007987197487985,2.7091115776010155,12.136655912111642,6.330795543261663,3.3480604827529126,-0.5736353644708507,-1.425945879005904,0.6928148284439941,-0.5344677226287505,-0.6723354721451016,-0.5801420226401548,-0.630897117091076,0.9064555899012764,1.9408219393697521,-0.5078728191087354,-0.5989078138922367,0.9450343300900255,2.4577650083709464,-3.050154872993717,-1.3661502121290037,3.0952174388296383,7.720809122843469,-2.5071664431623577,-1.4809069077573929,0.510902606288199,2.46955108829115,0.4709532661399938,4.3139397849864505,-0.22635864661491983,-0.7622695141002251,0.9523404427944246,3.4372151495631353,2.437217153638742,5.168059134913901
C3N-03180,-0.6976453026141594,6.283464654338413,-1.8345331909422606,0.41620165536203785,-0.17544773086941434,1.5467641423940464,3.4660880414059743,6.729820542855194,5.459471861952393,-0.3826847128096508,-1.8133002841328343,-3.8629940120229604,5.943936237688684,-2.3533838946745167,3.259713990850751,1.1561751709016501,2.409543300241563,-1.7766208614109305,0.30745717804324885,4.028719872377803,10.139303697943353,-1.675989984582786,-0.4965626703068913,15.249514977943832,-2.003655460498905,10.56476681973277,4.914666158462543,-0.5714865214181848,-0.5958102871604151,2.0282900497297,2.2813918365140813,0.601179304913464,8.013646667905586,-1.1591545080727614,-0.5684956841325418,-1.9707352190372243,0.5901634499407089,2.891271028039318,0.2750930705979986,1.5907025996469437,-1.0971768454782005,2.8810936253703954,-0.026964598350260684,0.6605188156973122,3.450661116929193,0.38880261385968057,1.734112781735009,-0.7556754147705024,1.6478167318294137,1.8806870030594347,-1.4169024163488542,0.6924208515563333,-4.126183911674699,-1.4232324758983737,8.252453052389638,-3.3673836210078836,0.5120821384453808,0.3204972795980044,2.9843140598423656,1.0133954538065801,0.06967478055225972,-0.5095658433268385,0.008839884269913795,1.4546805980167576,2.2832490074563037,2.5261320999164756,-1.0620896928792785,-2.0273158867410164,1.5292595281803911,-1.4350952050417554,-2.2923678235673077,-2.1934058079634133,1.3650432824430214,-0.019019370113043513,0.38091975540039497,2.211790847099793,-1.1609470657743293,-0.5791274497637421,4.045906247073749,-0.16607176558265177,-3.368050933404234,16.994490438012264,2.674500379495674,1.14822709004061,-1.3409211635685143,-2.973743306674922,0.3744944003437143,1.3999074187265301,2.15352629705548,0.7221952097108615,2.7235699416164194,1.5954718052841974,-2.2186963924595724,2.85453906713873,-1.670126800825868,3.293148257729736,0.20010459856586174,-0.6646275390101275,-0.4191860453638403,-1.2254881605198344,-1.0145140552870404,3.4776593135534766,-2.070986666622883,-2.294693322986846,0.08254717784997723,-3.084800812587082,1.4147588609942476,2.113541537427994,0.7596623137363175,-1.0396377973597903,2.6955848448771245,-0.47380138820545054,0.12344061914308613,-0.2795303427082016,0.6658768779048448,-0.4481025755344266,-1.3366905029312814,2.0449616679759877,2.7129163722944614,8.556499379939423,-1.4041931105230452,0.37626564097557424,-0.1771685153650624,0.6712712587301307,1.574449625674713,4.140793405001696,-0.3010813899849561,1.4643333441146926,3.413559335439472,2.150257984822538,-2.231789568665036,3.7742096923352526,0.5759123396187134,1.2369441875381246,8.069097338672204,0.33709544099794964,3.627100868747162,-1.04023429735219,4.122034368711728,12.936868045889039,6.030997242235486,4.229787770991968,-0.38153188427996765,-0.8787596496635044,-0.1345145949214487,-0.6173343301551993,-0.8677725401382764,0.10634673915529466,-0.06987167511539324,1.277713159441298,1.3713655612966391,-1.1831579586290537,-0.11658689371561742,1.2939202112069026,1.7894631797602616,-3.035892180122486,-0.767413979352014,3.4039020920526535,8.162148988402459,-2.91080838120889,-1.7799358964446148,0.31524882638311913,1.9670470038679237,1.1698215797351685,3.975372397104283,-0.1946911612729378,-0.8330244933471294,0.7010561416664477,3.3134528190694756,2.5103279197542014,3.04619057349639
C3N-03182,-0.8077751439823092,6.320365757885334,-2.089066005701488,1.3366362335734925,-0.057112653372561856,2.870358280453398,4.734126546078796,6.02108680949923,5.422511071015307,-0.5031816640049513,-1.566652420488187,-3.953734971821146,5.364062240008205,-4.169178956080132,1.413658515264852,-0.8495971774125202,2.4498073616949023,-2.1947616812312525,0.22411977175400727,1.9923262878494619,11.279290201996707,-0.5670117888399328,0.03226491275307869,19.73463966525962,-2.681312554145029,10.816743217249911,3.9525449976417093,-0.04881910220042884,-1.3924121908870897,1.8078825290407257,2.3265268367201,0.4206912239703912,8.76044646360702,-1.2071387137300598,-1.4654196116590539,-2.52924901035083,0.9453581250030639,2.7801214491222335,-0.6586683184674321,2.947976941549924,-1.4023809470274227,1.7746336519288664,0.32413063242817264,-0.13497524427614885,3.4760775778422297,1.2736713048336565,1.870879897029614,-1.5168065567809386,0.7261117336546061,0.7883115629150282,-1.6060495274370739,-1.0649893215291364,-3.263264858725598,-1.4701451275738722,7.584523655380311,-3.0316922208924755,0.7664501054052997,0.722495516273034,3.4202628884485646,0.22892428405852716,0.321557693689349,0.17373669033551997,0.18313876719091968,1.6136308820244059,0.21202254946007992,2.0792922291225353,-0.20813633436872053,-1.9188546638296193,0.765032311844617,-1.3449280791481395,-1.3749201486393623,-2.5809141623524763,1.7283151721796006,-1.5790844892275757,0.12731899199058044,1.4823381457791334,-0.8398311247382235,-0.34956315677747846,3.7820031479927865,-0.43099066848612594,-2.792827122207291,17.701595975396295,3.2437355595169506,0.9246802556987833,-0.8191993863461884,-2.311469108320301,1.6560171100032013,-0.6620284190814832,1.9447791653202493,1.4105600226096326,2.576097804164522,1.5595859206614469,-1.7974458928237405,2.6950293380349657,-2.057780263532624,3.7863741853278827,1.5190249471446948,-1.6232016304328654,0.3647313588369981,-0.36852806668596005,-0.7446691349530491,3.7316332854107626,-2.2063258678937587,-1.8177262028297902,-0.15431210048708707,-2.6941468254997014,1.2633622937343645,1.4534489610776506,0.9857827255145497,-1.2761087264198139,2.4239661071679146,-1.9291820895362188,0.8456837610210828,0.045279995859035096,0.4847603098342922,-1.2529141990713837,-1.3738803812289693,2.312705494737099,2.5565010969306603,7.97120731557536,-1.4172930299857927,1.002409352971289,-0.17023927473447786,0.025479906991778916,0.08469109899007847,3.4370574476220725,-0.08757583613098233,1.8226488438125725,0.4094008966297807,-0.5609744314431748,-2.4821030150407446,3.4642634548979996,0.4429186198735746,0.66124698827323,6.834312771975884,0.3075139725814274,3.147604419152988,-0.8548932260642957,3.793024584124598,12.233135588712159,4.6399864110934805,2.962305989660399,-0.4698023864891396,0.4658648334672921,-0.501296511062421,0.21825639630262972,-0.3947450801522737,-0.22090485508495616,-1.2316830208237861,2.2000971005314294,0.753850491699779,-1.6222221448902356,0.3213717430364447,0.34276869589071346,1.1097479836281368,-2.926782310262509,0.31314023231035615,3.587431397847932,7.62676746205503,-1.8778294192156169,-1.9232673044264477,1.4131774141144762,1.6927572559763997,1.6741350045879353,4.7525922637993565,0.9432869004515231,-2.421182451304073,0.4039956429090823,3.7912402665282707,2.4025514685986606,2.3494901624000213
C3N-03183,-0.37846125764047434,7.093559220247085,-1.5742759353341684,0.24376812588107255,-0.7729880735181094,1.9802994999126102,3.0812691009033286,6.2918560093786065,4.428933881337018,-0.7751498126113066,-1.868960610192571,-3.5728544081317484,5.079664488493526,-3.5672651272639846,2.255518715455035,0.20001045014749544,2.6341705627001653,-1.0771179513091755,0.7254153797184267,2.9089734827221454,9.74755596108799,-0.8261409487726354,-0.8946091112260612,16.950902783849994,-2.3126996703816625,8.990393062910332,3.534637448130884,-1.8845039434873347,-1.3240146287862893,1.8836577049021552,2.335381600157776,-1.1762552292842887,7.854718061204359,-1.8807210415868307,-0.9657121345168252,-2.400013261415528,0.24783938203203754,1.6746066436455047,-0.3854724116190536,3.3992007842755854,-1.027197274543431,-0.13633987695914349,-0.09978380046342929,-0.2929218154676427,3.6675512421798464,1.2587747452661355,2.2384633062323833,-0.915089304348715,0.905339107168021,2.839759974845581,-1.623531931798137,2.1224904601135304,0.23152320469980914,-1.277839460839785,6.5313843126524525,-3.499564970276385,0.4417850335156462,0.25571630775384213,2.838559134684393,1.6675182659927275,0.0355406656883684,1.0376260998562972,0.2767704527487309,1.0166405164490495,0.9044923071963079,2.4014817531953523,-0.05510850484734022,-1.4988280061969372,0.1538139647110081,-0.6372776123999185,-1.7173742398961458,-0.6959887092537814,0.4241875211718078,-0.6122012010286081,0.8683281465349332,1.3635084750203024,-1.7775357661164766,2.1084641333605942,3.2624775654166727,0.5008625522937263,-2.1502992015293527,16.64210779910281,2.6729978714746854,0.5820501480379497,-1.6137970103228614,-2.1023120158288346,0.5812792600459435,1.3105456736191095,1.5630359045344935,0.5017069219445955,3.3347825760486494,1.1879757258216552,-2.2351152768762055,2.892214602401932,-1.5336312896425028,3.7045666247735034,0.914298928793636,-1.7549547044939104,-0.6633556520687995,-0.28534223119339847,-1.5490723340993384,3.3807123743369076,-1.1199679807813976,-2.282269549550124,-0.3336863684141754,-2.601344320307486,0.7080914409122638,1.285709867696741,1.433333465511165,-2.007599229273201,1.2838000228427326,0.12443047489968571,0.7190256687217133,-0.6285315299369073,0.7437947942311592,-0.8832153114549102,-0.42068094251146354,1.171078295786466,3.4843837791298795,10.212305856996501,-1.1445544042369802,1.3667846776401429,0.46878633840648354,0.43789689071647536,1.205798497262828,2.244223415476794,0.819840961199984,0.23164880040756075,0.8154589575563989,2.5576064143206096,0.37160379689676265,3.3063658557941205,0.633614778723343,1.401075856013592,5.637330526237553,0.07860359807114062,3.618543717737975,-0.3059443434133288,2.6819519873517668,12.025116874053737,6.010600674387301,2.176742136165591,-0.03228872947565559,-0.7192450154305498,-0.08904825247102996,0.129551881112438,-1.2536325853648336,-0.27275770452542564,0.7346806824923797,1.3381449196432897,1.001264001293249,-0.5060764103542996,0.9594300350514242,1.1845644349545363,2.1689447890747555,-3.39083991228099,-0.6261544376638133,3.325070673172271,7.940717988231181,-3.168601204418763,-2.3896987086955965,1.9576092215254242,2.700321265631214,0.373689711008987,3.4519419451388065,-0.4771362180381024,-0.831189334004478,0.7339135580288761,4.0116339345799235,3.004153624596187,1.3719724264229047
C3N-03184,-0.48283239684923007,6.383292382136744,-2.316225301814342,0.8328131998545474,-0.1118560731778641,0.5089401392468353,2.5989048350175636,5.649609888208846,4.298722254080248,-0.2098444187865425,-1.1667161993292539,-3.3372568632527155,4.131775998983461,-3.3483678084860906,1.7499346354945564,-0.07445376551711173,2.1143733537130625,-2.24995272455818,0.14999648384692524,4.0371838034100325,10.996405604735905,-0.16167361210204767,-0.9139254609256375,20.39481177622742,-2.855028268284935,10.799253454275657,4.0735256005925224,-1.971622435356,-0.1565584903743035,1.2603004743916073,1.9742750470592725,-0.8560145086994888,7.309584240707036,-1.8200951632641178,-2.0148788047299244,-2.010430982330934,-0.13049712334056873,0.9382629557871291,-0.03905656543383616,2.5415349679744774,-0.835564233944315,-0.5326847370639103,2.164011514157103,-1.5658762230244776,3.4621088756383847,1.7696912647347145,3.1565093935198525,-1.3231606575093537,1.2827230135115373,2.683158420339976,-0.5190390653429914,0.9843926997747747,-3.151300713786142,-1.0159172217407173,6.0591255841364875,-2.791629536342004,-0.17749043227394626,-0.32287917831132,2.9903328579467674,0.535301002507616,0.15991188740540152,-0.7039360223559833,-0.502753270142214,1.6345458857658735,1.2941518646880106,1.7563483421822623,0.043522166372080846,-1.3595204369782887,-0.5656530553905917,-0.6599826286926973,-0.7039939160798352,-1.1107187992345005,1.2089529726511439,-1.5007798724189296,0.9579348972444319,1.5471289255180787,-0.8674079462689149,0.23302373067058244,4.3129457622050715,-0.526751519649475,-2.5168264253404247,16.876229490179583,3.8416609283440017,1.0516846786584078,-0.5063103527049635,-2.0504255298480145,-1.122057191943964,0.8424639106495965,0.4554690446134778,0.91309688964974,3.3176485923282044,1.2205257943305527,-2.6130931820305445,2.451820628447008,-1.7314779870184696,3.800686988470904,0.15382384583079992,-1.4449924532501413,-0.9012281529806174,-0.2369793976108642,-1.317309833766312,3.553033250986949,-1.3451065434250022,-2.411576032601766,0.061489267644022676,-1.4723974398531812,0.7900762806135165,0.23277743631698652,1.669821796711215,-1.441278708814178,1.4665267284438925,-0.5369995848958296,-0.5470979522512895,0.3646281829287379,-0.28637182428401675,-1.5072794976702242,-1.2993014679584596,0.9976907056036587,2.267040851946588,6.255337037851688,-1.504738286247153,-0.6473292108325379,-0.38651470970641555,0.059086090302342006,1.2659781237781207,1.853639719066157,-0.6566085097016237,1.6932399330742254,1.866895539802603,3.173557864748865,-1.647099260107354,2.0242980840325977,-0.048731082415588,1.00729753045703,2.9064651125030783,-0.06772870645579418,3.089594059421842,-0.6878395537952634,2.410072024860492,9.143379099241535,4.905188719718363,2.4928029005791603,-0.11643075488215963,-0.7731609958022746,-1.2634636673966453,0.7762440470176984,0.38271033334271676,-0.5219509009555041,-1.5812570017254577,0.8720288679501709,2.295482987593609,0.23205028361143085,-0.9401342141401651,0.5185652790013512,1.7667208827788317,-2.449158138111188,0.1972329015967152,3.523366710333387,5.778540563584048,-1.7612994808979459,-2.4013464873396266,1.1458018406960608,2.036669671116483,-0.013307939237304538,3.965588516515704,-0.4381852375731633,-0.31978474496410886,1.6614333866235558,3.757857372280079,1.8487986205859281,2.073138676694609
C3N-03186,-1.0440001719373444,6.627679829560651,-2.0883943613854417,0.7505053752650195,-0.7824632193941063,0.8183352577761659,3.83725234232164,6.19256559226389,4.655935919948933,-0.1019371521595611,-1.211417363385029,-3.679080671582925,5.9726653112384245,-2.1469279682239204,2.0407402785650994,0.7340818149781544,1.9338385665240356,-2.1085417943278246,0.14152012601858285,5.607226680005968,10.973054410304693,-0.9189217401289406,-1.033797208713795,17.719413303668023,-2.0549228690931742,11.460435271747023,4.213857288592881,-0.6304660034040148,0.3645718267014094,2.332715123947486,2.342526658759892,-0.5350394195823092,7.045078978933889,-1.1648990710438292,-1.1347103670013654,-1.6100290644490896,0.5340208058004892,1.8964442091286053,-0.02061611418020283,2.8521545713077083,-1.2848216454431887,1.5985356634682988,0.9512296512878807,-1.024472436478934,3.5668810758581135,1.2914250786381831,2.0936099417430922,-1.1783024734274805,2.071459645609426,2.1309069069052167,-1.4355391965394433,0.3432839766053317,-3.832163307446636,-0.9869224082381933,8.522242290777823,-3.1485756260675357,-0.29770259936481996,0.3783714767706306,3.0360205405827614,-0.23696346129230547,-0.2211354677689903,-0.6803791610462854,-0.37123467278895417,1.8616835108603027,0.7916957699736538,2.314628203579009,-0.9029045204196673,-1.9328396561679322,0.7861899498747538,-1.3084636870959596,-2.3156423718938766,-1.4462715042675736,1.4296895305789838,-1.5519301846232798,0.3747675935483619,1.695783977849365,-0.7731376280742989,-0.45569296018570954,4.315763131675752,-0.5805518331004524,-2.4933884521722174,17.055232106503105,2.383886655960458,1.1493955268658982,-0.6533709760856504,-3.114184957165069,-0.2924269691345245,0.9041226851959702,1.5804743231676766,1.0064869520072917,2.466742436082198,1.3816924915368933,-1.7880805121014975,1.925828017337213,-1.6146369435982406,3.571178800560929,0.36956665953242857,-1.1232955561155533,-0.6879215036148205,-0.3824533818490617,-1.437052932605559,3.605912947538644,-1.4349127534546728,-1.608427053644007,-0.2841762873805585,-2.4201635630070832,1.2430945777651752,1.2251445469082514,0.919322217781572,-0.5630647191278214,2.853049687104069,-0.7790526878369098,0.19334406445917623,-0.166036463033535,0.5891309786439979,-0.7713156903120043,-1.3970866638588573,1.9593345777287186,2.289799867987255,6.188866220685215,-2.4159203927918176,0.919526766076222,-0.045254054445912906,-0.2510049828533975,1.5765307684204868,3.2548333224942496,0.056094056447039,1.4185064408883128,2.2040973710832845,3.831993448770217,-1.6068874429273865,3.569377396705477,-0.18725315384840668,0.6614740989399025,4.926419587274245,0.3207050877872325,3.648158705741082,-0.8398217809750074,3.531292342301654,10.503708625281408,3.9104034397080767,4.1832629807085135,0.06128982959777204,-1.0839019656793594,-0.3990406405177125,0.1555801613312245,-0.34463560480563926,-0.02493256543724674,-1.4419874884422357,0.7889545133940721,2.1859523526524365,-0.48554294684900606,-0.32925293690985347,0.9246177166861199,2.024073976391656,-2.758657432138833,-0.42517054487947237,3.3478050185018455,6.989898145557515,-1.8777610693965074,-2.149078327453448,0.45392219295739955,1.5882279190014754,0.8866667406209527,3.8754998227709523,0.6283038039907377,-1.2129512598224614,0.530390920703369,3.5906373520377532,2.184595628712165,3.8020534248164966
C3N-03188,-0.6480601392904506,5.851089868089313,-1.8722966600633955,0.5646409698473723,-0.9221149364576572,1.3300735009931965,1.943123200820773,5.555912425296771,4.830403159410852,-0.37386932905601994,-0.8198618542836155,-3.3506903633159566,5.027905601419983,-3.543932439817873,2.231079017842096,1.5891823698236096,1.834110488227282,-1.6488313239272108,0.5588030727204861,5.733481739537556,10.413251874099295,-0.9443155263187347,-1.0429663351130165,17.632775738677832,-2.247100674347029,11.088894741553098,3.810561506431914,-2.2197992128331547,-0.3871946802755686,1.5723119757157842,2.2115247178916904,-1.0083493848965719,6.1904381951195555,-1.947506208395182,-0.9372754671453384,-1.8907140166217653,-0.34806173002914287,0.5940651109897434,0.1376534688200204,3.2040435382889996,-0.753298872052239,-0.03789403647468426,1.4887767467727309,-0.6515644682844445,3.6230937450427194,1.4989056788647688,2.2316232343193296,-1.5236707988454925,2.2249237542982545,2.668263580781897,-1.3041864442963829,1.3137998569651699,-3.194975100745285,-1.4258635613086468,5.966121175255993,-3.4369922669503796,0.23466036938009813,0.05279241780159419,1.9503266657766394,0.6357755926458909,0.1261953222648147,-0.8708142203768422,-0.2417671420486259,1.5392489011651356,2.3046755419390097,1.716237851022718,0.38557270446832964,-1.7103973527472027,0.010594768520809188,-0.5525851663387323,-0.8403041537606374,-2.2183584369850773,0.9885849034237711,-1.7127501918226042,0.46603393327698733,1.5836617854133026,-0.9006340185689578,0.2594405382340869,4.591187109199485,-0.329631889902329,-3.245923355221768,16.027598009200627,2.7432479790839057,1.2695011808207985,-1.0396978132994659,-2.128110804307867,-0.32912027938985705,0.9209626771394079,0.8700001708017806,0.4168423964505717,3.072680767489126,1.1539484178415078,-2.068428716624013,2.072543536651532,-1.4935326435303742,3.513480179974193,0.4563593831674997,-1.1891565925392718,-1.3079749238634946,-0.36928972550707984,-1.1087878888990133,3.543583341664553,-1.2564024618782108,-1.5892620009074225,-0.022708296256913754,-1.240081922893359,1.1283622506553885,0.8716119831428341,1.3280981292630638,-1.5865195309109839,1.7461792702151429,-0.5662527286381628,-0.34278720125951434,-0.8863273826813837,0.2270282664486932,-0.8178546979066567,-0.8816085539879357,1.27364383281464,2.2577260167867768,7.138596764232331,-2.2153033653592513,-0.3997712017009523,-0.21491866752184735,-0.5737848459197354,1.036194599916294,1.199333787042448,-0.5334048869454737,1.7582274615122884,2.1352344117203392,3.650955595849638,-1.1243051891391924,2.719991766688239,-0.017467989660408974,1.270509555194203,4.304338139024199,-0.12622969534495815,3.0669069008870213,-0.6443235679508185,2.810048858196657,10.660699256524698,4.936349949546557,2.856718463856493,-0.21450936752657412,-1.293569602286696,-0.7577890341712088,0.23784513192346057,-0.027363324038642667,-0.375152824037416,-1.2850971463103928,0.7452605410409223,2.436055209520475,0.21691721979632914,-1.4183937943413023,0.8429114118094303,2.0391931370377065,-2.7404646115910887,-0.5773123967302347,3.309452337246969,6.1472573368874786,-2.3392797692183307,-1.5025445389187309,0.7112817620095562,2.474526014159707,-0.3820927911367915,3.5422974076130456,-0.4380814452819025,-0.5774584392950411,1.148421089936592,3.752978163360933,2.279893715698826,3.954301496856122
C3N-03473,-0.5935674394313468,5.862659799851033,-2.128933714287572,0.48566315687034,0.1704004563229188,1.5608865600314614,2.6920775616272956,5.8712237786092905,4.192871907015086,-0.3102472265395216,-1.260513652407754,-3.6530267462737807,4.981712685073961,-3.3258531628338353,2.2935869093927024,0.42731480898172,1.7716833965227166,-2.901578570649043,0.22816451586761527,3.3925810421477265,10.873532463121405,-0.5010472335258699,-0.7832302972361548,19.32623945606814,-2.770072542623596,10.882600235025508,3.7145485815395545,-1.2540450998283792,-0.5749862263403599,1.014062458045402,2.0905623993265228,-1.264982982595217,7.462463197004211,-0.5041771447320185,-0.8212182938294256,-2.1782143089358565,0.9277700669492569,0.8213118431699676,0.07123517284814121,2.0871328338848283,-0.8642040919142121,-0.6786058758825911,2.2771292632517883,-0.4948984468600354,3.029868821245173,0.7681972602117096,2.8684015561884153,-1.3787855928694108,1.309955431982841,2.4769521348656807,-0.3959378897026267,0.8793161705880888,-2.7800025691471513,-1.705255255867285,6.378011124015705,-3.4786152395589838,-0.1408276809053003,-0.16606071722539742,2.9145964080981206,-0.042335214605360716,-0.013025990983945645,-0.7796606215856795,-0.5879090240457095,1.5864054019834049,0.7174942152695964,0.20820776234634114,-1.4306982182595342,-1.3466662495332051,0.3823368511650986,-0.9912988946328108,-1.9829474478611608,-2.295359234136202,0.7147447291474806,-1.9393346771469495,1.620424472113734,1.2755587038810663,-0.7956024112045513,-0.37620772747322406,4.963117485940626,-0.4211009054797019,-2.8730457412252166,15.956766449186146,3.026064016348091,1.180769216164729,-0.428549500804045,-2.556679985836836,0.7144681147694206,0.7235509507193469,1.2100088661895927,0.8306172907940014,2.952013176880351,1.3918974077944652,-2.0483976098911385,2.1232459779215627,-1.273456591867848,3.912880906152448,0.6110625630106812,-0.8456376573311,-0.523303300626147,-0.6267288836765491,-0.4074340342692021,3.5153328914132875,-1.1422206573484701,-2.6082412435872273,0.5706966069804165,-2.563441722425145,1.2255817023342708,1.0286757642560782,1.5216165840222646,-1.6278318061853758,1.80528656803182,-1.530861526005857,-0.37747109843699983,0.20088626042289331,-0.21425161602326018,-1.7836730044102236,-1.447400375589133,2.1034032933508704,2.4906074947414005,5.301425388554723,-1.9814023345549008,0.18020171256036574,-0.42539562509064116,0.9359015485271309,1.1773887513274301,2.6826733632716975,-1.1186330603671466,1.5946087061717822,2.915202565545865,1.1432604228386436,-1.3913537685172226,2.674283066027227,-0.5295472438148944,1.122775435347874,4.442778351218459,0.1119922223669639,2.855268097571188,-0.613107595062643,2.172899418956029,8.858516835819895,3.5747291442011995,1.8918648793259782,-0.39094571020366226,-0.13447776662098765,-0.4910986932796104,-0.14918855575522713,0.38828657061016053,-0.513274335601931,-1.7816963714509244,1.163230594714716,1.6748034915448737,0.8281973757306443,-1.1527174590753575,0.550855709346296,2.701933846739963,-2.3569285806621014,-0.3105819965534555,3.1438582950180187,6.576568033216574,-2.3832176239522784,-2.3371447333801787,0.6431875125805677,1.8310058799719082,0.2979634411606807,4.442887047147955,-0.19030826940978052,-1.942012964554702,1.0193730810986876,3.678510670450664,1.959193001187848,1.7021817719172472
PT-NPJ7,-1.1371863824091968,5.126305335225404,-1.79588465091802,0.7304130521379121,-0.8267675629604736,0.7632400782235887,1.8600103514585367,5.662400243391186,4.9344748137752115,-0.08102239024171042,-0.3561191638077103,-3.4050729641228217,4.492809091083214,-2.1415366039909194,2.394270155242515,-0.6506149678345604,1.9792262889578063,-1.5115494366593447,0.5100058538405114,8.746486505338327,9.300444503101435,-2.5811619120169413,0.07212125957853197,13.699535877666456,-1.6954567540829846,11.202297723831494,3.282352631599394,-1.9382209115847895,-0.6065994792629491,0.047958941250849624,1.9415681377365626,-1.3100608188610168,3.1465375495187953,-2.022381976580905,-1.564576492484478,-1.0661340956700924,-0.989242124910182,-0.4346652768677374,-0.07287395075718082,5.501168704552025,-1.4086878848164064,-1.1764651884538766,-0.9049722019077154,-0.37094316888078427,3.564157064152764,1.2877346046318203,2.630295522510724,-1.9862824419904834,2.740325479062411,2.9546725605502546,-0.6722625983570008,1.0712379236352743,-2.9460269202819998,-0.4126676415687165,4.862605680179155,-2.2305234576856807,-0.27609386635544353,-0.08248083243165935,1.8624615449249566,-0.534755804083855,-0.0026578410990832817,-1.3596031176846988,-0.5590606718324457,1.8359661013255733,1.377328996415209,0.3233820304598716,1.0596902979859946,-1.652063271611316,1.0757698500911488,-1.505288168731303,-1.3376937634608528,-2.556921292911054,0.2129112171462421,-1.8487205907526822,-0.2882970533008803,1.4256943918904479,0.13487036340962627,0.2745057097779173,5.833370448805239,-0.1473329441930138,-2.4360430244200195,15.161762301806986,0.17961503214949948,1.3721933170742333,-0.4955126705717632,-1.6344664813942587,0.3975335987651078,0.22431738677454324,-0.6410198376858849,0.15606616312602875,2.608058560448578,1.5733236540074895,-1.1205438953676246,1.2820306790444533,-0.9731447234044103,3.49277954204214,-0.2360285682949185,-1.3247145211963913,-1.5822202100273268,0.004739171483592479,-1.2989509831136408,4.376811942486069,-0.9455165595197926,-1.2347001651511003,0.3922097417220205,-1.2065075393770046,0.5104833867730735,-0.04605573393158036,-0.19333858356617947,-0.41762846749038574,2.3057340456386397,-0.36788792946533044,-1.2145480499127426,-1.6190523446464113,0.0423961968603539,-0.6390496067348143,-0.6704090827825605,0.24959405438937418,0.519858667138336,1.8677824672681105,-1.6067363435887905,-0.9217732134111118,-0.5694904058138963,0.21111634148120656,0.10316025282572978,-0.10499116950701114,-0.7700438117513024,0.6551724592318431,1.5355667725132636,6.110757240197339,-1.5576225660278238,1.8179597420507871,-1.2739703837701566,0.9123978850775253,1.7744228622425902,-0.6562454386404682,2.928194545787413,0.28031362583848046,1.2412096634687726,7.458541892461871,1.1225955351887258,1.9864954817760836,-0.9160561193513554,-1.1077808899731787,-0.24910866200578147,0.6942144186963748,-0.09501451593846925,-0.6360617309034102,-1.0369779331134663,0.36560737417265554,1.897973729560368,0.034733186406036815,-1.098719290827955,1.0007562778603811,1.8285509425216586,-1.8385432453189923,-2.6898238855194694,2.1710568456749204,3.9656978701014807,-1.6945859876400948,-0.8565985672005163,1.324927416487902,0.7383432258238685,-0.22193760836173,3.2079996863592495,0.3369895487404714,-1.6479151273983106,1.1130194382422434,4.303689963517321,1.3397034295466717,5.665142089841062
PT-P44H,-1.2525250486871116,5.2779346672804754,-1.914687682561161,0.585405888202872,-1.1942802900141534,0.9743878759072424,2.5386108033190293,5.716069395216853,5.422585629932823,-0.15382267670001187,-0.23911353600856539,-3.1246935808638736,4.729827900056326,-1.8293928149796113,2.6297120508056495,-0.056259908438917226,2.1543091820243188,-0.9564144904015519,1.173958933007039,8.943966235171894,9.108145992701145,-2.6238827830648277,0.11783403108993065,13.78248202053255,-1.6648257427977666,12.675063953682683,3.6148744795427477,-2.147323285249179,-0.25926258384835354,-0.004969133423618276,1.9465661170856206,-1.2455393555983245,3.498006174087962,-2.028130312603734,-1.3928475860615577,-1.1365477986931483,-1.461835550423975,-0.389313694196686,0.013655931138952231,5.025575092700155,-0.8035186157002008,-1.073388891767719,-1.1501616136930186,-0.12334834922786983,3.5436722629052837,1.0187977852403338,2.7996341194216945,-1.5156855217705798,2.620713942603369,2.951645662615085,-0.662870360922093,1.7921632217100962,-2.9007435612951564,-0.5799363906917675,5.142676142522268,-2.2769623781328887,-0.07736078298810291,-0.14442448420666532,1.7791044077717821,-0.283001531113568,-0.16464253089592007,-1.6343651591693933,-0.4510341690596108,1.7429409550400308,1.2277742795414859,0.5320346957117749,0.8914049423841901,-1.537613203622152,0.9864982433505078,-1.2686287629673476,-1.4684163500859728,-2.274153351645961,0.66821303728292,-1.5447799420966721,-0.27782598385767343,1.942785646216765,0.2412566009828132,0.21645367390486067,6.074908488284679,-0.330905408206489,-2.3023228144197954,15.537300887903433,0.5168858886704556,1.2505327761065594,-0.4558229686505584,-1.5404705917966217,0.04162879283923579,-0.06526154984789459,-0.8234730061380732,-0.14464053298297488,2.86393242671633,1.527225775602543,-1.557113901543098,2.106715794789962,-1.0716832633279751,3.5591477726474046,-0.3569471726069516,-0.8657925352203643,-1.8493450170600236,0.16674076279258335,-1.3734662179822967,4.503141596171092,-0.8472679251674649,-0.9167329506394691,0.43142766296827745,-1.154731407917024,0.3420141489720633,0.38207840690200784,0.07017447771327077,-1.230789174178739,1.7733006419730357,0.13361529235722877,-0.9472844918379466,-1.2835064465474568,-0.09608669315462158,-0.9107028490951489,-0.997892279260048,0.5406055560304821,0.6200382509838488,2.173769675998863,-1.0783531169588796,-1.1939726935497355,-0.8251787025565861,0.3886026811928276,-0.1273619216429022,-0.17752939351651426,-1.235820359814326,0.5425841468728764,2.568643996880921,5.594670793448163,-1.6233638325729163,2.116553012044888,-1.3919417498159683,1.1942830319623143,2.373129475334342,-0.8050917412478714,3.12007565768206,-0.11915086143205424,1.225266556206964,7.098523855449346,0.76963947481133,1.048087901432382,-0.3460739866742198,-0.9675380824775733,-0.15014597029920368,0.6079829453265745,-0.31387681012627,-0.4637223986415842,-0.8659511773919784,0.062279792251263615,1.6728969662986044,-0.11783401846871093,-1.589142431305096,1.2511939211347491,2.056967097360521,-1.4863614688068916,-2.324974691066769,2.465717293752895,4.14032734789142,-1.8323180234073235,-0.77547376322811,1.3270811558394109,1.1162156509481824,-0.42876775787124494,3.7108535548881534,0.008529080620916524,-1.694568548601855,1.0434841764682312,4.24028581239547,1.1089719319796865,6.492432253370669
PT-QVJO,-1.2332331743674252,4.672877308432912,-1.6884493334835722,0.5441273718886718,-1.0587990563085101,0.5477018691462634,1.954671385554604,5.403907475127644,5.1249807929278015,-0.13729353731078395,-0.20121424405373844,-3.2068817165166865,4.5507033746589896,-2.497002900886422,2.248676794562564,-0.43196126149261277,1.8520476268631498,-1.3589129189187887,0.851208520458536,8.70082748421077,8.742765032676934,-2.8684386825721,0.2336417850927194,12.701108287431426,-1.6487115153050358,11.70799772398999,3.3994858410847133,-2.088638862194931,-0.3180840229644569,0.3603821909789673,1.7200598322340288,-1.1629044974724705,3.3382389922545515,-2.1927873025071314,-1.222758228477934,-0.7762749574703082,-1.1438829087946356,-0.3981301265752253,-0.1101074792392267,5.219541392759381,-1.2822458751316936,-1.3289003082218436,-1.0427437472250634,-0.11849385159823261,3.3348489258130756,1.0613258554948053,2.6712218371849854,-1.160882565734932,2.6721656951542605,2.525657971302936,-0.3834223599365864,1.2568257407117467,-2.4725735500127035,-0.6154512786016401,4.761493788587234,-2.2893125870300755,-0.22113817359464627,-0.173782405781212,1.9878291669425348,0.06341821946249547,-0.16679242140202097,-1.4961266162172118,-0.3717701392896437,1.6710808760721765,1.3451497916595985,0.4496194735117923,0.8156221233434948,-1.7837145522424442,1.0094818668699355,-1.165174908601839,-0.865642281061345,-2.4738558948881675,0.4107407072997666,-1.7930794217536368,-0.31340131973362534,1.6002797087141436,-0.00435100673452362,0.12593203517590376,5.5886198538116725,-0.1442611333120788,-2.461772913470023,14.671132786812024,0.23951635941369578,1.2223513396672592,-0.8837205875690148,-1.426278451381865,0.3191489433087603,0.4312584425405273,-0.7670548562652681,-0.06315895106659244,2.5803478940008064,1.5036630097332253,-1.0228085050015991,1.467096724202212,-1.0928351934884986,3.5288704641634645,-0.06481824759514511,-1.0194394044227073,-1.4946597931483299,-0.07574536183932862,-1.2191774930954233,4.209258768826318,-0.9077727734665028,-0.9515242538387391,0.17500587874287052,-0.8288752205675927,0.2233726727185873,0.36157277438940555,-0.19299789121289931,-0.8427441465588437,1.5430576114761125,0.24084876557319862,-1.2176389722068763,-1.57871444299143,-0.07916901408542988,-0.6712246771251421,-0.8642537697029347,0.13792157052053777,1.0067438937359297,3.739946819769405,-1.558949659524195,-1.1789731237732632,-0.3458060381954871,0.26913008243611597,-0.13701343473226052,-0.05558913746383211,-0.7900210597700452,0.515902780925655,1.8464819386525986,5.930624411859706,-1.7817489535260675,1.671385220112949,-1.34227207983538,1.1160916822992486,2.2894457112075646,-0.6406953755252688,2.909364717470945,0.3080598935228955,1.8852048889054605,7.092943504655955,1.2935508957900002,0.7242854092103748,0.11108095067565452,-1.013980978930824,-0.24003377472729925,0.52305213397521,0.1152413307364591,-0.4864620000305086,-0.9652251169637774,0.37766385549018294,1.8677766509965394,0.0010594334283798267,-1.4376035924367432,1.1146334349319091,1.8725898691972847,-1.3657746044708658,-2.606574679247289,2.218420121522897,4.159372054062405,-1.8798217776136565,-0.7957522355978284,1.454534627659333,0.5502160597473084,0.015534424160253817,3.008687967940999,0.4579770765336418,-1.6447835522634386,0.9063256814966065,4.098194522804769,1.2897723882036665,6.669989288363611
PT-R55F,-1.3440846547683414,4.865318857050393,-1.3025879739366866,0.2957406228097203,-1.3721445463873714,0.5917096081768898,2.429848533437028,5.402119657392924,4.669854806789398,-0.16906602269342608,-0.19989294864341842,-3.468276208281129,4.5144240043069646,-2.0006310214619214,2.06630894571846,-0.285980949374027,1.8053257356680674,-1.3953577000950343,0.6023916264040527,8.939798781074677,8.599823644118688,-2.572975137739839,0.30469987442905444,12.8083900574416,-1.7355114566897387,12.732529069570791,3.1735046956553083,-1.5006923314504461,-0.23671732221342917,0.35991958502793925,1.7797323756021266,-1.4476488508879897,3.4099471211990364,-2.0858354236793626,-1.1756803544045564,-0.8774706153427302,-1.2466946813322743,-0.5500695112820225,0.14498917366106803,5.120136047412873,-1.1881877012174067,-1.4084313687351613,-1.19037274976723,-0.14963723449050922,3.119014272712885,1.1317658430364679,2.444631403827558,-1.670170341872629,2.673654890737802,2.596558797706523,-0.19074373927166782,1.1907425099857543,-2.1549951288383142,-0.683220612261333,4.991186759698899,-2.4417080855544304,-0.4757695870045152,0.11466231901825914,1.7313416286138736,-0.7161574333125246,-0.10707350377224917,-1.3165957123492928,-0.5142831547456103,1.8388861899128868,0.8496695479339251,0.22043263397099377,0.6676830383633737,-1.3819738323951343,0.9463439435396332,-1.3299221677159743,-1.3242865422064403,-2.6514032146690396,0.14635509534091903,-1.9780663729718357,-0.5030043988026734,1.7378277147751162,0.13816880167465306,0.4780066539998263,5.603706511630606,-0.3123402656132382,-3.025295246916033,14.47496108228124,-0.16320735110883336,1.1364714888149716,-0.7352629608025886,-1.4166406937527496,-0.15555770429516613,0.134737968740518,-1.1325024663473997,0.1530474151106282,2.278211629209483,1.3998830365093584,-1.356676462965242,1.6766706187305536,-1.26312198190975,3.59629217125846,0.15501545270586115,-1.3720398547474573,-1.7930347398814108,-0.04426688628314383,-1.308997482842006,4.135454623476329,-0.9288687445995756,-0.9704647617909204,0.13287887386572597,-1.082290769327118,0.05714373750953118,0.7002360056569883,0.07500156343988593,-0.3100369989223471,1.7097945145511173,0.4433618613274705,-0.7751721423864523,-1.493567567304826,0.0009979898288125244,-0.42160743391598515,-0.8697779720469543,0.2999146775814999,0.9512653833770933,1.5965991122700203,-1.7573296826510563,-0.9838317243034154,-0.5820831821299893,0.40840078860500095,0.09396971013912822,0.25105924810292823,-0.9397015153567,0.7483060221697723,1.4606528443257791,5.832907521933708,-1.5690738687798136,1.9267289697214118,-1.4620129506071078,1.2220796076464293,1.4575136279940288,-0.8631667520152488,3.1713371431262445,0.4712479875178469,1.6414529860351406,7.212239944857285,0.9453432130759356,1.522982535194131,-0.6033632329186054,-0.8194090432451352,-0.24816571085529168,0.3066264973764748,0.060125694256171536,-0.7296383862244809,-1.0139002579075977,0.3683479121137956,1.9691116875200574,0.05796915005997052,-1.3046908575184553,0.9968836742780491,2.031637571490185,-0.9687212685325667,-3.0193354944856754,1.926879698303034,3.9626014749423826,-1.6512253693181886,-0.802744856334065,1.8770714385739649,0.5160959792196681,-0.15734374440373436,3.213425542801259,0.11675502785763395,-1.5876749551016565,1.034715882003483,3.939545761489779,1.1850402311884631,7.446709718792081
PT-RN5K,-1.1629331384908836,4.277376097616768,-1.875033146173171,0.2574139857991594,-1.9937468456732368,0.7793114797321814,2.302662265022725,5.547497306622791,5.093505003987083,-0.36596894601816793,0.08655185075638597,-3.5009644726976954,4.600717850332244,-2.497806903225814,2.407552768588646,-0.5346737583118759,1.6338103663121784,-0.7933737636577285,0.31084861279262704,8.433948056318817,9.018705740377907,-2.7945075117371747,0.45253608558874475,12.352003363951082,-1.7489175175195855,14.146744078159944,3.351365736743041,-1.92652699328117,-0.3579449970181128,1.1827731354504096,2.1000377027182995,-1.289161873700467,4.8939083458191694,-1.9095566565942776,-1.290650951515791,-0.47918622402321004,-0.9883616937677745,-0.24382233255025235,0.3690756902549019,3.7845917188361735,-0.544249240260788,-1.1755740068828058,-0.8939242504047749,-0.016771584213639616,3.561679183116037,1.2551386445495087,2.172536125089527,-1.4968786175841167,2.988359823652256,2.280100774333548,-0.5603565727936156,1.0928651449936437,-3.0484977052729043,-0.7807319195038999,4.73844839992424,-2.9588178573401187,0.45545903289090234,0.027502251129101072,1.9853550471936603,0.7613280916521887,0.9657785991520783,0.06985222327339434,-0.1133339324168817,1.5679309936061132,1.213844494539426,0.30023367390819283,0.6298798488933888,-1.3921243221738813,1.3464468247625343,-1.1951347130112044,-1.3491475018216716,-2.4872807792198492,0.3907460163324026,-1.727744400263698,-0.4747552992965484,1.9454312522837214,0.032508197062909326,0.3592056878517074,4.881698381235394,-0.07146279814490517,-3.1590083730994087,13.685995384027715,0.04010533944977321,1.4650756096460482,-0.6790683379428795,-1.9171542980659801,0.013951236649803635,0.39516278719097414,-0.09925523133829545,0.03022985706729753,2.36832275602052,1.4764676989289263,-1.9981332267193168,2.2957924378060475,-1.4117821378449107,3.399207927815133,0.2453162928477302,-1.375619621901021,-1.56116924979388,-0.43029998363863714,-1.0735911807780762,3.7437588359759904,-1.3165595496384916,-1.7859209883367084,-0.13851755341356523,-1.0456749282569,-0.32293295600167493,0.1505101632369707,0.3965131207731778,-1.043906442034969,2.068976594106088,2.014510081482066,-0.5106905889294178,-1.3156714654183177,0.9677749277160399,-0.025063657622702684,-0.40879350586928126,0.9909058026153315,1.5121087070278443,4.492732527135017,-1.2612807240837272,-1.1840997418277925,-0.552898722736754,0.3453245846373031,0.14022580572105986,0.476841082071537,-0.39648720221056294,1.3202905135314624,2.2197199122420472,5.27900318021544,-1.6928920167534194,2.071405378981482,-1.33300343182623,0.9787212052529022,1.1232557632228855,-0.14929548228390513,3.005220804036092,0.10285771963767336,1.809872160610979,8.359171685244881,3.4519796833682967,2.0850569408953095,-0.41074488967730494,-0.9953747677718102,-0.018266306268509114,0.712776643541528,0.030420324321983393,-0.9027607862981432,-0.06781785244012807,0.5450661954739262,2.233494878862866,-0.12605794006182666,-1.3429754929509332,1.147322909108743,1.4619721470859341,-0.24225746627643663,-3.0598836519597454,2.0197763212923787,4.276622575411161,-1.5260373508182232,-0.47317607370349135,1.381598656544161,1.1526706189945297,0.15454102832068656,3.042317052965938,0.5482255725206676,-0.6104743706501045,0.9034235114335405,3.733439008101827,1.8870276509889987,8.794104437295152
PT-RU72,-1.3862405615571853,4.600074855619867,-1.689819544790073,0.471633639506039,-0.8620968744666253,0.582904987229221,2.3279608471313304,5.408105718005642,5.224631369020145,-0.1268088630771233,-0.06460077167550611,-3.1648341561921227,4.175649206912162,-2.255400324815429,1.4711678451231214,-0.20119845943025783,1.8177273435736403,-1.1334681588786788,0.4001323757897936,9.090303522273132,8.488495243345973,-2.7211910266986923,0.26668012627963533,12.559874333997104,-1.630934652764825,12.207144790907178,3.3365590451145186,-2.219911303262199,-0.8071166199133886,0.08585294031361203,1.7495252816840534,-1.3334512945156765,3.5846972813998548,-2.1487852625164683,-1.1408618059890459,-0.6510611041928982,-1.191487640380067,-0.6812255127944189,0.15306755338337014,5.236737925864561,-1.2973715932181302,-1.3002999359464031,-0.8986068997609885,-0.2625301216353888,3.2563883033284706,1.00695208005756,2.7073424175966117,-2.160863212033422,2.9222111781147655,2.818692684447349,-0.2979957887165884,1.3004920178866552,-2.5632792327442635,-0.5042807793798467,4.587850598491414,-2.3227658809003144,-0.2540756635311335,-0.13528229344879084,1.8814698611428222,-0.3814920449384192,-0.029536698752629095,-1.6627580179631747,-0.6415513406973086,1.7813365419629177,1.3312241780927414,0.5931030342298458,0.9957356961964096,-1.6692895866953439,1.017788416736086,-1.3314043708448318,-0.8972750709753091,-2.5228317065022887,0.4194057805025528,-1.960024619590086,-0.30193805003564334,1.8182101915662219,0.28062806591410555,0.0916591843803771,6.038566712295603,-0.18499010526906423,-2.7324458325111074,14.284823539583952,0.0872878617929525,1.1216287753677692,-0.7683474562875802,-1.2460201097522474,0.1362067732659177,0.14400897302129087,-1.3070747797534115,0.008429499884668077,2.3929891936799814,1.2169389722265755,-1.3796169926383848,1.859290762205121,-1.0245278898408499,3.5467108580242845,-0.2202412678920104,-1.3882708122538463,-1.8203630327286273,0.09987715834297749,-1.4869805526577524,4.222638482829638,-0.7818841564486635,-1.125640353366528,0.3277292326360235,-0.5680375198520653,-0.2864785337578328,-0.3915828580636506,0.09391507765183407,-0.5904873100832679,1.7466335749166042,0.4722749385359282,-1.170351923559993,-1.4955345437256264,-0.08500618051374267,-0.4492624295868181,-0.7053501960857079,0.4072003957586211,0.7215511367780436,0.7727189858973299,-1.5495431192749607,-1.1899959797526691,-0.6584638520036266,0.3444960510914401,-0.18180062383393863,0.16873382489973293,-0.9809812771876852,0.7082494904986552,2.185298098985224,6.176005235186814,-1.6559879481448552,1.4473188598146456,-1.4982290662814732,1.1601312908598935,0.6332884953572129,-0.6938487509396946,2.91157297279945,0.3742653274291048,1.3350129093001704,6.212429638904528,0.5767678753735577,1.1705551008957924,-0.3986993865398162,-0.6605757858840472,-0.5532689626895931,0.6812850935248697,0.18299530480846546,-0.7688758670440599,-0.8857430010160346,0.17522370445479282,1.9954771705994303,0.11883517849586142,-1.603870220623074,1.0249137083923139,1.861381680503452,-0.8994987936354945,-2.7151540634210374,1.9777988246963032,3.7397153721783853,-1.7209731813916134,-0.7410903593387655,1.8238297868259934,0.6143026669843877,-0.15362376905263397,2.9170762221466937,0.03815891079157456,-1.4681511443938187,0.8798097308352361,3.941739008804095,1.117542871357892,6.9384979889450165
PT-UTHO,-1.2840584571866034,4.3946764499833355,-1.6888708179728282,0.42121082765277645,-0.9362361237562354,0.43897150519675615,2.1831499970304007,5.396658331041061,5.054892102513825,-0.21676137089170763,-0.23822251390385868,-3.3409600436333067,4.376311141945622,-2.3625799179282447,2.4058052556256793,-0.5024024138865901,1.9132002502441778,-1.365145985042359,0.41590584938061176,8.645530847242815,8.798267758362535,-2.8692788058459366,0.4956290420323346,13.018314455923017,-1.808046371614794,12.235113963801089,3.1176878411830615,-1.9977402629176342,-0.27616062019626897,0.21649419833600012,1.7418158087625846,-1.0287886071153924,3.8680688427287904,-1.7987551193673403,-1.1141909974756894,-1.1835147483845019,-1.0954088473193944,-0.7170272024698541,0.23902493955283238,4.980601148742158,-1.223472751557249,-1.7091362714157852,-0.7180820054790388,0.22100409782378477,3.218325390502637,0.854510708394772,2.7777486396379114,-1.5983383303691603,2.4990069980662457,2.6062949518183336,-0.04398905906279876,1.1900189476055876,-2.2144711063732947,-0.7816792170929758,4.361001056773573,-2.5844038388458705,-0.13600801645163157,-0.2963253215821091,2.1699749374283472,-0.5440110750339027,-0.041468704212419015,-1.4340186975855875,-0.3716105640689292,1.56613838155429,1.0365068840375415,0.2237835866517149,0.7890782925071029,-1.4273031519606594,1.3229137098071848,-1.0580000638822848,-0.4250620897973377,-2.422180051116128,0.09496570954213751,-1.4261446260827328,-0.4742138239615163,1.7511331796443559,0.03566490733206585,0.38344554061866754,5.82120510428179,-0.056574360753578266,-3.1172163932008052,14.352926519210463,0.41749480149194146,1.1690478733403193,-0.6231169895098397,-1.654556928156115,-0.20839903550437106,0.10831457216813503,-1.2795072309871545,0.11421994587155744,2.5463148154769475,1.5530136283182097,-1.0732587165630187,1.3313072953333696,-1.2824246429898782,3.5999917313240797,0.19591868989203823,-0.8679169614331419,-1.8949275810000634,0.07126433841757081,-1.4192233646375818,3.9487310450455517,-1.1033196744514526,-1.0346579059118015,0.2519915030549962,-1.0590326866327822,0.20748283423750155,0.10610578167299974,0.057572296643973835,-1.053639947272086,1.6491272843669484,0.3942419885406658,-1.375503995972493,-1.3369018239629322,-0.2356736338639516,-0.11165469151587747,-0.8825987343285762,0.24467926380327207,0.8589096655217708,1.9214778734411064,-1.2616446266250132,-1.5649807911128948,-0.6948880734377193,0.6239391943028761,0.4421465427236142,0.042520755428099355,-0.9283143126875963,0.3611724055392487,2.4024236578925056,5.4743783235692804,-1.9932661655793686,1.5581936323765686,-1.5766191860857306,1.3012377618049094,1.7329066297082676,-0.8865098064781142,3.2524513697369546,0.319769489334612,1.178008864695968,6.834826439651182,1.025172373414284,0.8683781177196268,-0.23725847925198199,-0.8260931961505352,-0.40360604456337174,0.5950334055722395,0.2896835478536359,-0.5928988285096078,-0.7675895214976988,0.3469384947141746,1.8459029619222818,0.1335219469366958,-1.5201728797409535,1.25808217269607,1.6774805403031574,-0.8771173187159239,-2.209806110031419,2.1518525003473035,4.008411732987458,-2.1845245411335643,-0.6547628505456836,1.3230238557267326,0.5287375767417573,-0.05685678315200607,3.000000400514169,-0.14446746452024434,-1.6059656967064988,1.0591655138081262,4.007738509353951,1.211107917037875,6.798630065709341
PT-WVLH,-1.1235617462452139,5.525979735622411,-1.4171365249569945,0.42159096205686086,-0.7402954049670213,0.6361450333836585,2.5075113997346805,6.027710772792689,5.206149942154743,-0.04196255002495521,0.33753724340459834,-2.9939451390016907,4.3780332438247695,-2.0073008704710134,2.207136914016481,-0.2509851494382194,1.767339852796165,-0.38770547185040444,0.7243840788004945,9.100575114975069,9.133707666171103,-2.718528489647144,0.029300273323911767,13.900131782872153,-1.6941389042803716,12.944700073699062,4.298935977716994,-2.3564424943307096,-0.7492874969821994,0.18757875344536196,2.0069050042014345,-1.4043417956421755,3.702919921388211,-2.628004406048368,-1.3632369258431174,-1.2027589700677632,-1.3015267309611018,-0.4694653569757656,-0.09743209739213364,5.520116085083986,-1.1091071333240157,-0.9699504210185814,-1.3376821682940223,-0.4556423947314042,3.6942146072255344,0.9921254277449215,2.6301487411841364,-1.659548716066313,2.61149169821856,2.91770030691735,0.1975773981222731,1.4757764367678554,-2.4338832103020103,-0.6264058838688535,5.462233009567015,-2.1614859411076015,-0.32437589111564996,0.015687197217050083,2.30347154955846,0.31893474436146957,-0.5576449296598099,-1.5691899493761785,-0.3951571178862793,1.4279522998519225,1.506728490118061,1.194503117451439,0.8302437834582757,-1.6319322616889291,1.0101989168734617,-0.9751173244729784,-1.363709037448306,-2.171567940848874,0.2998014377184305,-1.9062927422635088,-0.11584376560293921,1.7985678893670998,0.037711795351799325,0.3565448859900103,6.191975618017522,-0.2985246236173179,-2.691274170657413,15.992946012105689,0.26787566771670024,1.4581288449851877,-0.8118258986382537,-1.3476010249238253,-0.07875181768832668,0.018380511761994595,-1.0480494278760988,0.0076443407630805114,2.6297814087369193,1.5223589330623468,-1.4354807787251758,1.7583270035302903,-0.9067087156890029,3.2954393270055817,-0.43472099082919063,-0.8113015316602131,-1.6662303881207856,0.051820260779293026,-1.463933867013108,4.6391731217315755,-0.6657354319640129,-0.6869634211149157,0.8271139407525202,-1.0197115479664574,0.325276851768903,-0.4267364143446639,-0.2839471945784884,-0.5266762379387155,1.3161750443976852,0.23605268005518876,-0.9990094771250769,-1.4269127312391319,-0.17900067181147267,-0.920866294008157,-1.0430627550455265,0.684962597838632,1.0519577701554041,2.146496280956313,-1.5017446019151308,-1.254499321005882,-0.36464444568716026,0.38624792449778794,-0.269276792302177,-0.100511220225392,-1.0634391385751962,0.5873747683024199,2.168579837423787,5.892916777634432,-1.5138294507583472,2.26996386148527,-1.3052994287440791,1.303067151553166,1.832916524141572,-0.5249516932506818,3.4478971598356147,0.9655991747492081,1.952354249542813,6.351288639563099,0.6885881771642038,1.0658992701628658,0.2071488531275248,-0.9020752236180526,-0.5562553160145463,0.6769143342728767,-0.2657721022799233,-0.46176301365901584,-0.8613866130214696,0.09431945053157302,1.6452620422609903,0.03890358303786921,-1.4310110872116966,0.9738597567023682,2.028710521633734,-1.7837671076701438,-2.383153546412304,2.5251165377396863,4.31863156958685,-2.061153150238009,-0.7322540690299328,1.6844179538263597,0.9335224454022484,-0.32426818105934063,3.572628227699083,-0.25271235455072966,-2.0573837253204355,1.165969505699981,4.245950461804106,0.8107526589415844,6.751471677167313
PT-Y8DK,-1.2376112531483163,5.427313300320682,-1.5076350851284577,0.46849226151356615,-1.2040062208893447,0.794497900666328,2.271066550934853,5.949462441046885,5.079093062451056,-0.09539723054410555,-0.14673054394568286,-3.226687091593729,4.166603771136719,-2.198107164721444,2.234998653731774,-0.41401864910380587,1.9722190644258055,-0.8165189723411516,1.117696805325475,9.18397518278355,8.795593916766535,-2.7162949259550118,0.13205961423992976,13.84669677779403,-1.7529571500271035,12.990565899500076,3.8305448572978578,-2.3800976586697273,-0.6448151230431104,0.21717889706377227,1.9407698916176128,-1.5094781300428366,3.8347951619362073,-2.7145434235770938,-1.3303630590880635,-0.9332780037820629,-1.3238805826658928,-0.6811559498066381,0.09734055660866145,5.368715829871755,-1.0257212662255646,-1.1676713380537174,-1.3761533348093027,-0.4021448419566467,3.434300172585592,1.1725352868134091,2.5590487123039156,-1.7190037573927903,2.547670993624933,2.8305367939820734,-0.30473656768774293,1.2564801942511685,-2.275280614925434,-0.6697892440172001,5.241581553818533,-2.2408108391634003,-0.1896192346919646,-0.04110837414259388,2.305315769236191,0.13974265493276078,-0.35041627362134675,-1.5711086889129664,-0.4191494336163057,1.5259610341623384,1.6465872155793668,1.0228110748937813,0.9586187528442249,-1.6329280340750216,1.0478334225591441,-1.0841783849050766,-1.206764549669886,-2.227489217855784,0.41577875743599646,-2.0800018681998322,-0.19528224645229822,1.9627015314563578,0.13729986478515246,0.4128250630616533,6.206922683657294,-0.2624217312108874,-2.355844465264566,15.673278829679358,0.15123365544009912,1.1843100018128874,-0.8084298553431079,-0.9999016647116598,-0.13488814323081802,-0.10399611463460517,-1.117716858485386,0.09095253545194561,2.6524230364798593,1.5916745632149476,-1.2776729015131776,1.6467026669430909,-1.0797361311885143,3.422239292874014,-0.4187388432239545,-0.818644001099135,-1.7443057300677813,0.217995391154378,-1.3924451089983898,4.624496768911924,-0.7259206639349817,-0.6610718217742777,0.35095841637050806,-0.9102491191032239,0.31439342955886873,-0.3461473497649432,-0.1554091144623462,-0.5719836854735232,1.3024576500017382,0.34268499872680236,-1.2047148255748208,-1.4809472059658437,-0.25609347327440396,-0.9424091052598824,-0.9596206550782768,0.5588925858567018,0.9974136948325285,2.470725556642627,-1.4770996828364873,-1.3416984364800661,-0.44083376284508846,0.48807745414932074,-0.4396278802271538,-0.4236516527272381,-0.886553947737076,0.3886204037077612,2.206859194882727,5.938225693103567,-1.7080026965899795,2.1962566258198986,-1.4032919500966055,1.0089451100127336,1.8220255835927894,-0.7318951029965612,3.088413607991886,0.6176308045261267,1.6436798666117907,6.297984821240264,0.9367318404617215,0.9766216919187996,0.22617784709771446,-0.6768851829143561,-0.6699761232920523,0.5631816994423261,-0.199271299614486,-0.7072162943798617,-0.9922297428647233,0.1709979356237012,1.7447464110457502,0.09341527692504997,-1.3874111394465338,0.9095215163642456,2.198721445611225,-1.3615483999207272,-2.5218352708995977,2.496498100623123,4.188275207902657,-1.8296083256901219,-0.6579278305113,1.8035151734815855,0.7170394635725822,-0.22895034518279386,3.4492964471367404,0.041575802879565034,-1.9249767421032966,1.1721732334617612,4.119099902308495,0.9212325214013377,7.250305402058469
